id,name,category_id,score,review,address,operating_hour,phone_number,image_urls,convenience,caution,is_deleted
05-01,사쿠라테이엔 판교직영점,이자카야,2.6,1,경기 성남시 분당구 대왕판교로606번길 45 1층 105호,영업시간 매일 17:30 ~ 02:00,0317043005,"//img1.kakaocdn.net/cthumb/local/C640x640.q50/?fname=http%3A%2F%2Ft1.daumcdn.net%2Fplace%2F4A68D7834A01442AA4CDEAC699870DEB, //img1.kakaocdn.net/cthumb/local/C320x320.q50/?fname=http%3A%2F%2Ft1.daumcdn.net%2Flocal%2FkakaomapPhoto%2Freview%2F956a167ef90b79050467abd3bb879bd3717ec944%3Foriginal, //img1.kakaocdn.net/cthumb/local/C320x320.q50/?fname=http%3A%2F%2Ft1.daumcdn.net%2Flocal%2FkakaomapPhoto%2Freview%2Fea502831f12284c48df5b5e81183fe7439de2209%3Foriginal",편의시설 정보 없음,유의사항 정보 없음,False
05-02,청담이상 판교점,이자카야,3.2,22,경기 성남시 분당구 판교역로192번길 12 판교미래에셋센터 2층 203호,월~토 17:00 ~ 01:00,03180610708,"//img1.kakaocdn.net/cthumb/local/C640x640.q50/?fname=http%3A%2F%2Ft1.daumcdn.net%2Fcfile%2F2540484C536B861E04, //img1.kakaocdn.net/cthumb/local/C320x320.q50/?fname=http%3A%2F%2Ft1.daumcdn.net%2Fcfile%2F24708050536B862034, //img1.kakaocdn.net/cthumb/local/C320x320.q50/?fname=http%3A%2F%2Ft1.daumcdn.net%2Flocal%2FkakaomapPhoto%2Freview%2Fc4a297766af01e63903917a5d5b60e5a51229de1%3Foriginal",주차,예약가능,False
05-03,유다 판교점,이자카야,3.0,16,경기 성남시 분당구 산운로160번길 20-4 1층,화~일 17:00 ~ 03:00,03180161370,"//img1.kakaocdn.net/cthumb/local/C640x640.q50/?fname=http%3A%2F%2Ft1.daumcdn.net%2Fplace%2FB4B515EBAB5D40CF8FE50071FFFBCD65, //img1.kakaocdn.net/cthumb/local/C320x320.q50/?fname=http%3A%2F%2Ft1.daumcdn.net%2Fplace%2FA37C01A4517840C39FB7A294AE023916, //img1.kakaocdn.net/cthumb/local/C320x320.q50/?fname=http%3A%2F%2Ft1.daumcdn.net%2Flocal%2FkakaomapPhoto%2Freview%2F1c73e44c61737712709ef7e0ca7ad8b7b68d0e30%3Foriginal",주차,예약가능,False
05-04,단,이자카야,4.2,35,경기 성남시 분당구 대왕판교로 660 유스페이스1 B동 160호,월~금 11:30 ~ 24:00,0316281431,이미지 정보 없음,편의시설 정보 없음,유의사항 정보 없음,False
05-05,야키토리잔잔 판교점,이자카야,4.4,44,경기 성남시 분당구 분당내곡로 151 1층 107~109호,월~목 17:00 ~ 01:00,,"//img1.kakaocdn.net/cthumb/local/C640x640.q50/?fname=http%3A%2F%2Ft1.daumcdn.net%2Fplace%2F962C186B9EE644D89893570CBAD4DB74, //img1.kakaocdn.net/cthumb/local/C320x320.q50/?fname=http%3A%2F%2Ft1.daumcdn.net%2Flocal%2FkakaomapPhoto%2Freview%2F7b9af08e7e67dcebbeb4bfda686e914d9f23bd2c%3Foriginal, //img1.kakaocdn.net/cthumb/local/C320x320.q50/?fname=http%3A%2F%2Ft1.daumcdn.net%2Flocal%2FkakaomapPhoto%2Freview%2Ffc92373613062fb445f6cfc8a1f5a707f66da15e%3Foriginal",편의시설 정보 없음,유의사항 정보 없음,False
05-06,청담이상 서판교점,이자카야,3.7,7,경기 성남시 분당구 판교로25번길 22 1층,월~토 17:00 ~ 03:00,03180178878,"//img1.kakaocdn.net/cthumb/local/C640x640.q50/?fname=http%3A%2F%2Ft1.daumcdn.net%2Fcfile%2F2377DB3E576786B10A, //img1.kakaocdn.net/cthumb/local/C320x320.q50/?fname=https%3A%2F%2Fpostfiles.pstatic.net%2FMjAyMjA4MDdfMTcy%2FMDAxNjU5ODQ0MDE0NTg5.tL_WLtS6ts-58bpPwrPb3y6hivzCPLgfxJYAqhyp78kg.fdv5oyK_3Rqpz6V31ofQlnbWVxhjWWRBK6IFAYJbikAg.JPEG.dshining85%2F20220806%25EF%25BC%25BF224701.jpg%3Ftype%3Dw966, //img1.kakaocdn.net/cthumb/local/C320x320.q50/?fname=https%3A%2F%2Fpostfiles.pstatic.net%2FMjAyMjA4MDdfMjgx%2FMDAxNjU5ODQ0MDE0NTk4.MDVQomi43MCHt6vMk9wOmA4AOD11tze-neHmDkOI1Rgg.iibKh8AsDngheIJuWwxQNFDfb-rj-fOrQY-zqEiwcNgg.JPEG.dshining85%2F20220806%25EF%25BC%25BF213040.jpg%3Ftype%3Dw966",주차,유의사항 정보 없음,False
05-07,사쿠라테이엔 판교본점,이자카야,3.6,439,경기 성남시 분당구 판교역로192번길 16 판교타워 1층 109호,매일 17:00 ~ 01:00,,"//img1.kakaocdn.net/cthumb/local/C640x640.q50/?fname=http%3A%2F%2Ft1.daumcdn.net%2Fplace%2FD57F0BAB85814EA781DDE83E7B432A60, //img1.kakaocdn.net/cthumb/local/C320x320.q50/?fname=http%3A%2F%2Ft1.daumcdn.net%2Flocal%2FkakaomapPhoto%2Freview%2Ffe9ae154940a62c30559d5b8209f999ca3936cc9%3Foriginal, //img1.kakaocdn.net/cthumb/local/C320x320.q50/?fname=http%3A%2F%2Ft1.daumcdn.net%2Fplace%2F1A269D9D3CEC4F238D4B6EAFAB2766AC",편의시설 정보 없음,유의사항 정보 없음,False
05-08,야키토리 화련,이자카야,4.7,83,경기 성남시 분당구 판교역로192번길 22 판교효성해링턴타워 1층 106호,영업시간 월~토 18:00 ~ 24:00,01086103302,"//img1.kakaocdn.net/cthumb/local/C640x640.q50/?fname=http%3A%2F%2Ft1.daumcdn.net%2Fplace%2F9C16656924EA48089FDEFE4A3339E2CA, //img1.kakaocdn.net/cthumb/local/C320x320.q50/?fname=http%3A%2F%2Ft1.daumcdn.net%2Flocal%2FkakaomapPhoto%2Freview%2F64af2efbae067a7c52866993e5b7415c2c1ef6c2%3Foriginal, //img1.kakaocdn.net/cthumb/local/C320x320.q50/?fname=http%3A%2F%2Ft1.daumcdn.net%2Flocal%2FkakaomapPhoto%2Freview%2Fbfbd1400c520b8f6073b63afa1167916585022d8%3Foriginal",편의시설 정보 없음,유의사항 정보 없음,False
05-09,시치,이자카야,,142,"경기 성남시 분당구 대왕판교로606번길 31 호반메트로큐브 1층 129,130호",월~금 11:30 ~ 23:30 · 휴게시간 월~금 14:30 ~ 16:30,03180169901,"//img1.kakaocdn.net/cthumb/local/C640x640.q50/?fname=http%3A%2F%2Ft1.kakaocdn.net%2Ffiy_reboot%2Fplace%2F1252728A0E2145D8BF5903ED57BD5026, //img1.kakaocdn.net/cthumb/local/C320x320.q50/?fname=http%3A%2F%2Ft1.kakaocdn.net%2Ffiy_reboot%2Fplace%2F75BA233AE8754B988A1155857C1E451C, //img1.kakaocdn.net/cthumb/local/C320x320.q50/?fname=http%3A%2F%2Ft1.kakaocdn.net%2Ffiy_reboot%2Fplace%2FED3997F4887F439389B895DDC311294C","WIFI
주차
휠체어사용","예약가능, 배달불가, 포장불가",False
05-10,일류,이자카야,1.1,564,경기 성남시 분당구 대왕판교로 670 유스페이스2 A동 2층 210호,월~금 10:00 ~ 02:00 · 휴게시간 월~금 14:00 ~ 17:00,,이미지 정보 없음,편의시설 정보 없음,유의사항 정보 없음,False
05-11,모로미쿠시 판교점,이자카야,3.3,27,경기 성남시 분당구 판교역로192번길 14-2 1층,매일 16:00 ~ 01:30,03180169835,"//img1.kakaocdn.net/cthumb/local/C640x640.q50/?fname=http%3A%2F%2Ft1.daumcdn.net%2Fcfile%2F22705A50574E62162D, //img1.kakaocdn.net/cthumb/local/C320x320.q50/?fname=http%3A%2F%2Ft1.daumcdn.net%2Flocal%2FkakaomapPhoto%2Freview%2F989e6147c1f2079aea81c450160fb8f06b838ba6%3Foriginal, //img1.kakaocdn.net/cthumb/local/C320x320.q50/?fname=http%3A%2F%2Ft1.daumcdn.net%2Flocal%2FkakaomapPhoto%2Freview%2F55e12ef7db4431ffe463b7007e6fe6fcb4de61f7%3Foriginal",편의시설 정보 없음,유의사항 정보 없음,False
05-12,마츠카게,이자카야,5.0,21,경기 성남시 분당구 판교역로 136 힐스테이트판교역 블루존 1층 1001호,영업시간 월~토 17:30 ~ 01:00,050255505124,"//img1.kakaocdn.net/cthumb/local/C640x640.q50/?fname=http%3A%2F%2Ft1.daumcdn.net%2Flocal%2FkakaomapPhoto%2Freview%2F2fcf264638adfe08288154ba53dc8c9dada6cc9d%3Foriginal, //img1.kakaocdn.net/cthumb/local/C320x320.q50/?fname=http%3A%2F%2Ft1.daumcdn.net%2Flocal%2FkakaomapPhoto%2Freview%2Fa79cbf6ef7e6467479173345c4f5883b9d8bb576%3Foriginal, //img1.kakaocdn.net/cthumb/local/C320x320.q50/?fname=http%3A%2F%2Ft1.daumcdn.net%2Flocal%2FkakaomapPhoto%2Freview%2F239769c788a2f640b89aa3f541901c4d53256b6a%3Foriginal",편의시설 정보 없음,유의사항 정보 없음,False
05-13,미술,이자카야,5.0,58,경기 성남시 분당구 판교역로192번길 22 효성해링턴타워 3층 313호,월~금 17:00 ~ 24:00,01039820423,"//img1.kakaocdn.net/cthumb/local/C640x640.q50/?fname=http%3A%2F%2Ft1.kakaocdn.net%2Fmystore%2F536AA1C0B29A4456A74F649D4FDFFF0B, //img1.kakaocdn.net/cthumb/local/C320x320.q50/?fname=http%3A%2F%2Ft1.daumcdn.net%2Flocalfiy%2Fsearchregister_1908888947, //img1.kakaocdn.net/cthumb/local/C320x320.q50/?fname=http%3A%2F%2Ft1.daumcdn.net%2Flocalfiy%2Fsearchregister_1920416530","동물출입
휠체어사용",유의사항 정보 없음,False
05-14,생마차 판교역점,이자카야,1.0,0,경기 성남시 분당구 판교역로192번길 22 판교효성해링턴타워 112~114호,,0317088885,이미지 정보 없음,편의시설 정보 없음,유의사항 정보 없음,False
05-15,마루니,이자카야,1.0,0,경기 성남시 분당구 판교역로192번길 16 판교타워 1층 109호,,,이미지 정보 없음,편의시설 정보 없음,유의사항 정보 없음,False
05-16,토리키치 판교점,이자카야,5.0,2,경기 성남시 분당구 대왕판교로 660 2층 213호,매일 17:00 ~ 01:00,07077732130,이미지 정보 없음,편의시설 정보 없음,유의사항 정보 없음,False
05-17,이꾸 판교점,이자카야,0.0,0,경기 성남시 분당구 판교역로 231 H스퀘어 S동 2층,,0317893633,이미지 정보 없음,편의시설 정보 없음,유의사항 정보 없음,False
05-18,쿠시노아 서판교점,이자카야,0.0,0,경기 성남시 분당구 판교공원로2길 62 101호,영업시간 월~토 17:30 ~ 24:00,07040708899,이미지 정보 없음,"WIFI
동물출입
주차
휠체어사용
놀이방
흡연실","예약가능, 배달불가, 포장불가",False
05-19,이자까야모리,이자카야,0.0,0,경기 성남시 분당구 대왕판교로606번길 58 월드마크 1층 113호,,,이미지 정보 없음,편의시설 정보 없음,유의사항 정보 없음,False
05-20,이자카야단,이자카야,0.0,0,경기 성남시 분당구 대왕판교로 660,,0316281431,이미지 정보 없음,편의시설 정보 없음,유의사항 정보 없음,False
05-21,이토리 판교점,이자카야,3.0,0,경기 성남시 분당구 판교역로192번길 22,,,이미지 정보 없음,편의시설 정보 없음,유의사항 정보 없음,False
05-22,보쿠노하나시,이자카야,0.0,0,경기 성남시 분당구 대왕판교로 660,,,이미지 정보 없음,편의시설 정보 없음,유의사항 정보 없음,False
05-23,스미노카리 서현점,이자카야,4.0,112,경기 성남시 분당구 황새울로319번길 6 텍스타워 1층 102호,"월,화,수,목,일 17:00 ~ 01:00",0317081151,"//img1.kakaocdn.net/cthumb/local/C640x640.q50/?fname=http%3A%2F%2Ft1.daumcdn.net%2Fplace%2F89FE5065F5844BE5A11D8D8BD86D72F4, //img1.kakaocdn.net/cthumb/local/C320x320.q50/?fname=http%3A%2F%2Ft1.daumcdn.net%2Flocal%2FkakaomapPhoto%2Freview%2F9ed13183b8851a9c21af8365cce8cc7a69796a40%3Foriginal, //img1.kakaocdn.net/cthumb/local/C320x320.q50/?fname=http%3A%2F%2Ft1.daumcdn.net%2Flocal%2FkakaomapPhoto%2Freview%2Ff2be35b6f8fbc4bf0a14e9ff0f897e33b4b2b7e0%3Foriginal",주차,예약가능,False
05-24,리빙오사카,이자카야,3.9,112,경기 성남시 분당구 황새울로 315 102호,월~토 16:00 ~ 01:00,01049810839,"//img1.kakaocdn.net/cthumb/local/C640x640.q50/?fname=http%3A%2F%2Ft1.daumcdn.net%2Fplace%2F06F31259562B4381829CC24E70839069, //img1.kakaocdn.net/cthumb/local/C320x320.q50/?fname=http%3A%2F%2Ft1.daumcdn.net%2Flocal%2FkakaomapPhoto%2Freview%2Ff8d8e94da23971c8e70b799c9d1b265f8d4650c2%3Foriginal, //img1.kakaocdn.net/cthumb/local/C320x320.q50/?fname=http%3A%2F%2Ft1.daumcdn.net%2Flocal%2FkakaomapPhoto%2Freview%2Ff65248a94d4fa2decd1605a9d1cc07c1531b4c8f%3Foriginal","WIFI
주차","배달불가, 포장가능",False
05-25,삼경,이자카야,2.5,20,경기 성남시 분당구 황새울로258번길 10-7 103호,"월,화,수,목,금,일 14:00 ~ 17:30",0317185971,"//img1.kakaocdn.net/cthumb/local/C640x640.q50/?fname=http%3A%2F%2Ft1.daumcdn.net%2Flocalfiy%2FF131A7BD99374F00BBEC3AD8C6486497, //img1.kakaocdn.net/cthumb/local/C320x320.q50/?fname=http%3A%2F%2Ft1.kakaocdn.net%2Ffiy_reboot%2Fplace%2F02683267A0C3498C9DD47A192CF52030, //img1.kakaocdn.net/cthumb/local/C320x320.q50/?fname=http%3A%2F%2Ft1.kakaocdn.net%2Ffiy_reboot%2Fplace%2F7DDD2A6AC9FB45B6A4EE49B78C4B05EE","WIFI
주차
휠체어사용
흡연실",예약가능,False
05-26,모모코 정자점,이자카야,3.3,98,경기 성남시 분당구 정자일로 197,매일 16:00 ~ 03:00,,"//img1.kakaocdn.net/cthumb/local/C640x640.q50/?fname=http%3A%2F%2Ft1.daumcdn.net%2Fplace%2FB5DA3D07CC944799A5220C27876ED077, //img1.kakaocdn.net/cthumb/local/C320x320.q50/?fname=http%3A%2F%2Ft1.daumcdn.net%2Flocal%2FkakaomapPhoto%2Freview%2Ff7e1fc2cf6fe5039a09a8a41e4ad9d0cf19a7c15%3Foriginal, //img1.kakaocdn.net/cthumb/local/C320x320.q50/?fname=http%3A%2F%2Ft1.daumcdn.net%2Flocal%2FkakaomapPhoto%2Freview%2F3ad84881cb3fa0da9d9d4959bc58e3f3eec278f6%3Foriginal",편의시설 정보 없음,유의사항 정보 없음,False
05-27,모로미쿠시 서현점,이자카야,3.4,21,경기 성남시 분당구 황새울로 337 웰빙프라자 1층,월~금 17:00 ~ 02:00,03180169834,"//img1.kakaocdn.net/cthumb/local/C640x640.q50/?fname=http%3A%2F%2Ft1.daumcdn.net%2Fcfile%2F2332BA50574E659403, //img1.kakaocdn.net/cthumb/local/C320x320.q50/?fname=http%3A%2F%2Ft1.daumcdn.net%2Flocal%2FkakaomapPhoto%2Freview%2F995d0d14eff1853cecedb780a8dcdead5e356465%3Foriginal, //img1.kakaocdn.net/cthumb/local/C320x320.q50/?fname=http%3A%2F%2Ft1.daumcdn.net%2Flocal%2FkakaomapPhoto%2Freview%2F4d1696370ce9b0146e2b794bca64800d8b1ce2ba%3Foriginal",주차,유의사항 정보 없음,False
05-28,잔잔 서현역점,이자카야,3.8,609,경기 성남시 분당구 황새울로335번길 8 덕산빌딩 1층,"월,화,수,목,일 17:00 ~ 01:00",0317030877,"//img1.kakaocdn.net/cthumb/local/C640x640.q50/?fname=http%3A%2F%2Ft1.daumcdn.net%2Fplace%2FE09FECFA69D64796A75CCFBED483AE5D, //img1.kakaocdn.net/cthumb/local/C320x320.q50/?fname=http%3A%2F%2Ft1.daumcdn.net%2Flocal%2FkakaomapPhoto%2Freview%2Ff035362c52cb9585388cbc97a6b7096c0e3f7952%3Foriginal, //img1.kakaocdn.net/cthumb/local/C320x320.q50/?fname=http%3A%2F%2Ft1.daumcdn.net%2Flocal%2FkakaomapPhoto%2Freview%2Fa888df7bde20108852e6868932ca5cc911beb1b6%3Foriginal",편의시설 정보 없음,유의사항 정보 없음,False
05-29,웅성웅성 서현점,이자카야,4.7,63,경기 성남시 분당구 황새울로335번길 5 1층,매일 16:00 ~ 02:00,0316961211,"//img1.kakaocdn.net/cthumb/local/C640x640.q50/?fname=http%3A%2F%2Ft1.kakaocdn.net%2Fmystore%2F44BEA8D9BA6C4F7188A3A5B81356515D, //img1.kakaocdn.net/cthumb/local/C320x320.q50/?fname=http%3A%2F%2Ft1.kakaocdn.net%2Fmystore%2F537CD63957094DE39B26657ED3627BD7, //img1.kakaocdn.net/cthumb/local/C320x320.q50/?fname=http%3A%2F%2Ft1.kakaocdn.net%2Fmystore%2F6D4D89E3A824425EA38A1EDBB2529ADB",편의시설 정보 없음,유의사항 정보 없음,False
05-30,청담이상 서현점,이자카야,2.5,20,경기 성남시 분당구 황새울로 337 웰빙프라자 2층 204호,매일 17:00 ~ 02:00,,"//img1.kakaocdn.net/cthumb/local/C640x640.q50/?fname=http%3A%2F%2Ft1.daumcdn.net%2Fplace%2F1FE1907970354557929B3CE72A185D01, //img1.kakaocdn.net/cthumb/local/C320x320.q50/?fname=http%3A%2F%2Ft1.daumcdn.net%2Flocal%2FkakaomapPhoto%2Freview%2F6b87c46d37b48f00562d559ae5fe0b8272fc7524%3Foriginal, //img1.kakaocdn.net/cthumb/local/C320x320.q50/?fname=https%3A%2F%2Ft1.daumcdn.net%2Flocal%2Freview_placeapp%2Fbtqe8ieR5xp_ZRgwdVhKwcpIILZp9Dnru0_img.jpg",주차,유의사항 정보 없음,False
05-31,미미,이자카야,4.7,124,경기 성남시 분당구 서현로 192,매일 16:00 ~ 24:00,0317099834,이미지 정보 없음,편의시설 정보 없음,유의사항 정보 없음,False
05-32,웅성웅성 서현본점,이자카야,4.7,689,경기 성남시 분당구 황새울로311번길 28 롯데서현주차빌딩 1층 108호,매일 16:00 ~ 02:00,0317017888,"//img1.kakaocdn.net/cthumb/local/C640x640.q50/?fname=http%3A%2F%2Ft1.kakaocdn.net%2Fmystore%2F28F89AB94DBD499883372B20F38CC8DF, //img1.kakaocdn.net/cthumb/local/C320x320.q50/?fname=http%3A%2F%2Ft1.kakaocdn.net%2Fmystore%2FB29CB4B985924727B930C624E7979C6B, //img1.kakaocdn.net/cthumb/local/C320x320.q50/?fname=http%3A%2F%2Ft1.kakaocdn.net%2Fmystore%2F4ECAF2836E1A4FEB8A70C1BA79DC9508","WIFI
동물출입
주차
휠체어사용
놀이방
흡연실","예약가능, 배달불가, 포장가능",False
05-33,도리토리 분당수내점,이자카야,5.0,373,경기 성남시 분당구 황새울로258번길 10-9 영성라벤더 106호,월~금 16:00 ~ 01:00,01058289353,"//img1.kakaocdn.net/cthumb/local/C640x640.q50/?fname=http%3A%2F%2Ft1.kakaocdn.net%2Fmystore%2F6F269F67C41C44598D0014C26498E7F9, //img1.kakaocdn.net/cthumb/local/C320x320.q50/?fname=http%3A%2F%2Ft1.kakaocdn.net%2Fmystore%2F445274022F204BDB8762DB48DE1D6DC5, //img1.kakaocdn.net/cthumb/local/C320x320.q50/?fname=http%3A%2F%2Ft1.kakaocdn.net%2Fmystore%2FA2CD503991FF42A9AB90ACBF330E107C",편의시설 정보 없음,유의사항 정보 없음,False
05-34,곤야,이자카야,4.5,85,경기 성남시 분당구 황새울로 315 대현빌딩 1층 101호,매일 16:30 ~ 01:00,0317045079,"//img1.kakaocdn.net/cthumb/local/C640x640.q50/?fname=http%3A%2F%2Ft1.daumcdn.net%2Fplace%2F29A65D62B92C4E4198795D1F4B587E9B, //img1.kakaocdn.net/cthumb/local/C320x320.q50/?fname=http%3A%2F%2Ft1.kakaocdn.net%2Ffiy_reboot%2Fplace%2FD385B7F24D6D4461BC780BF469892CF9, //img1.kakaocdn.net/cthumb/local/C320x320.q50/?fname=http%3A%2F%2Ft1.daumcdn.net%2Flocal%2FkakaomapPhoto%2Freview%2F11b9d46777a38be498e30ad5175853bb89e13486%3Foriginal",편의시설 정보 없음,유의사항 정보 없음,False
05-35,모로미 수내점,이자카야,4.1,33,"경기 성남시 분당구 황새울로258번길 32 코리아나빌딩 205, 206호",영업시간 월~토 17:30 ~ 24:00,0317110209,"//img1.kakaocdn.net/cthumb/local/C640x640.q50/?fname=http%3A%2F%2Ft1.daumcdn.net%2Flocalfiy%2Fsearchregister_475703444, //img1.kakaocdn.net/cthumb/local/C320x320.q50/?fname=http%3A%2F%2Ft1.daumcdn.net%2Flocal%2FkakaomapPhoto%2Freview%2F1360e7f57361b3f9f79d131571403fa7407355aa%3Foriginal, //img1.kakaocdn.net/cthumb/local/C320x320.q50/?fname=http%3A%2F%2Ft1.daumcdn.net%2Flocal%2FkakaomapPhoto%2Freview%2Fb8ac17c15b1151cc7bcf968382b109d2f3680ea5%3Foriginal",편의시설 정보 없음,유의사항 정보 없음,False
05-36,해루 바다의하루,이자카야,4.3,14,경기 성남시 분당구 황새울로258번길 10-7 102호,매일 10:30 ~ 24:00 · 휴게시간 매일 14:30 ~ 17:00,0317153114,"//img1.kakaocdn.net/cthumb/local/C640x640.q50/?fname=http%3A%2F%2Ft1.kakaocdn.net%2Fmystore%2F98DB5DFA0B5C4952A8F08FD21DA63849, //img1.kakaocdn.net/cthumb/local/C320x320.q50/?fname=http%3A%2F%2Ft1.kakaocdn.net%2Fmystore%2FFF8583AF4B49432D84461B3C50F6E753, //img1.kakaocdn.net/cthumb/local/C320x320.q50/?fname=http%3A%2F%2Ft1.kakaocdn.net%2Fmystore%2FA3312FF471164B1285C138B9880201ED",편의시설 정보 없음,유의사항 정보 없음,False
05-37,남오토코 정자점,이자카야,3.5,9,"경기 성남시 분당구 느티로 16 젤존타워1 1층 119, 120호",월~목 17:00 ~ 23:30,0317110771,"//img1.kakaocdn.net/cthumb/local/C640x640.q50/?fname=http%3A%2F%2Ft1.daumcdn.net%2Fplace%2FB5FF5040351D456187A07B5A71C9B553, //img1.kakaocdn.net/cthumb/local/C320x320.q50/?fname=http%3A%2F%2Ft1.daumcdn.net%2Flocal%2FkakaomapPhoto%2Freview%2F31412a9db1a9d759f45781aebd61375235e787bb%3Foriginal, //img1.kakaocdn.net/cthumb/local/C320x320.q50/?fname=http%3A%2F%2Ft1.daumcdn.net%2Flocal%2FkakaomapPhoto%2Freview%2F1a63a7fd0b87f23fb5504939b6a15cc0e2c50477%3Foriginal",주차,유의사항 정보 없음,False
05-38,꼬치선생101 분당서현점,이자카야,1.6,18,경기 성남시 분당구 황새울로360번길 28 3층 301호,매일 17:00 ~ 05:00,0317087733,"//img1.kakaocdn.net/cthumb/local/C640x640.q50/?fname=http%3A%2F%2Ft1.daumcdn.net%2Flocalfiy%2F3EBD94CBF3AF48CA8E30DBD742DD82F1, //img1.kakaocdn.net/cthumb/local/C320x320.q50/?fname=http%3A%2F%2Ft1.daumcdn.net%2Flocalfiy%2FD0AC3582510340E9998FAA102CE3B401, //img1.kakaocdn.net/cthumb/local/C320x320.q50/?fname=http%3A%2F%2Ft1.daumcdn.net%2Flocalfiy%2F7D2C57ACECC24273A1C1560B1AC7B41E",편의시설 정보 없음,유의사항 정보 없음,False
05-39,생마차 분당서현점,이자카야,2.8,18,경기 성남시 분당구 서현로210번길 2 성지하이츠텔 1층 104호,월~토 15:00 ~ 05:00,0317057889,"//img1.kakaocdn.net/cthumb/local/C640x640.q50/?fname=http%3A%2F%2Ft1.daumcdn.net%2Fplace%2FE13F533E02E54AC7A6AAC0177245039E, //img1.kakaocdn.net/cthumb/local/C320x320.q50/?fname=https%3A%2F%2Fpostfiles.pstatic.net%2FMjAyNDExMjdfODgg%2FMDAxNzMyNzExMTUxMzkx.RPyMLcOMoPrz_e8ATi9Cj9X744dB7XFWTcPcy_4v4Awg.tNbuebXbMhoByCt2YWWW_AT7qKvnKS6cC6A-e9zAJZkg.JPEG%2FSE-28FC74EE-2C0E-4B10-BA99-9F3CC63D72C8.jpg%3Ftype%3Dw966, //img1.kakaocdn.net/cthumb/local/C320x320.q50/?fname=https%3A%2F%2Fpostfiles.pstatic.net%2FMjAyNDExMDJfMjIy%2FMDAxNzMwNTM2MjkyNjcz.6LGJGpYbp-wyGe1oCpLI-miVX562wxC_UDP8jEQ8u54g.Fy2v-g3v2LviItV6uISMoainfYLNLa4eV88spAekU2Eg.JPEG%2FIMG_8758.jpg%3Ftype%3Dw773",편의시설 정보 없음,유의사항 정보 없음,False
05-40,사라,이자카야,3.7,1,"경기 성남시 분당구 정자일로213번길 5 아이파크분당 301동 103,104호",,0317158999,이미지 정보 없음,편의시설 정보 없음,유의사항 정보 없음,False
05-41,슌,이자카야,3.7,148,"경기 성남시 분당구 장미로 42 야탑리더스 124,125호",월~토 16:00 ~ 02:00,0317095795,이미지 정보 없음,편의시설 정보 없음,유의사항 정보 없음,False
05-42,야키토리 잔잔 정자역점,이자카야,3.5,0,경기 성남시 분당구 정자일로 192 지파크프라자 101호,영업시간 매일 17:30 ~ 02:00,050713300877,"//img1.kakaocdn.net/cthumb/local/C640x640.q50/?fname=http%3A%2F%2Ft1.kakaocdn.net%2Fmystore%2F06278F7454C5485DA6301BA6B0A12310, //img1.kakaocdn.net/cthumb/local/C320x320.q50/?fname=http%3A%2F%2Ft1.kakaocdn.net%2Fmystore%2F43E22519C1C8457098B6C562A12BB215, //img1.kakaocdn.net/cthumb/local/C320x320.q50/?fname=http%3A%2F%2Ft1.kakaocdn.net%2Fmystore%2FC273FB812ECA4BA0A97E079D5DC59425","WIFI
동물출입
주차
휠체어사용
놀이방
흡연실","예약가능, 배달불가, 포장가능",False
05-43,센다이,이자카야,3.8,23,경기 성남시 분당구 정자일로 192 지파크프라자 102호,영업시간 월~토 17:30 ~ 02:00,0317151470,"//img1.kakaocdn.net/cthumb/local/C640x640.q50/?fname=http%3A%2F%2Ft1.daumcdn.net%2Fplace%2FF57DBC65D82743B68BCDACFECA781659, //img1.kakaocdn.net/cthumb/local/C320x320.q50/?fname=http%3A%2F%2Ft1.daumcdn.net%2Flocal%2FkakaomapPhoto%2Freview%2F2dcbf9e1c5567cc52156dba37ff5b5a19e2d7872%3Foriginal, //img1.kakaocdn.net/cthumb/local/C320x320.q50/?fname=http%3A%2F%2Ft1.daumcdn.net%2Flocal%2FkakaomapPhoto%2Freview%2Fd79e8c60b7837c3531ff87bd98225bacb8a144d4%3Foriginal",주차,"예약가능, 배달불가, 포장가능",False
05-44,우규 서현연어와육회점,이자카야,4.0,839,경기 성남시 분당구 중앙공원로39번길 49 서현 지엔느 110호,매일 17:00 ~ 02:00,0317819997,"//img1.kakaocdn.net/cthumb/local/C640x640.q50/?fname=http%3A%2F%2Ft1.daumcdn.net%2Fplace%2FD8D2B0714089480B9840660E81959DE5, //img1.kakaocdn.net/cthumb/local/C320x320.q50/?fname=http%3A%2F%2Ft1.daumcdn.net%2Flocal%2FkakaomapPhoto%2Freview%2F45a66a02da689e1d8bc04b152f4b310863e7445d%3Foriginal, //img1.kakaocdn.net/cthumb/local/C320x320.q50/?fname=http%3A%2F%2Ft1.daumcdn.net%2Flocal%2FkakaomapPhoto%2Freview%2F26e1b8c600b1541a3be57341defcec437b954af1%3Foriginal",편의시설 정보 없음,유의사항 정보 없음,False
05-45,정연,이자카야,3.4,54,경기 성남시 분당구 황새울로108번길 18 1층,월~토 17:00 ~ 01:00,,이미지 정보 없음,편의시설 정보 없음,유의사항 정보 없음,False
05-46,유다,이자카야,4.0,14,경기 성남시 분당구 느티로 16,화~일 17:00 ~ 02:00,0317128989,이미지 정보 없음,편의시설 정보 없음,유의사항 정보 없음,False
05-47,시즈카 분당점,이자카야,0.0,0,경기 성남시 분당구 황새울로 315 대현빌딩 205호,,,이미지 정보 없음,편의시설 정보 없음,유의사항 정보 없음,False
05-48,야구장옆선술집,이자카야,0.0,0,경기 성남시 분당구 황새울로335번길 10 멜로즈프라자 5층,,0317030030,이미지 정보 없음,편의시설 정보 없음,유의사항 정보 없음,False
05-49,마하수리이자카야,이자카야,5.0,15,경기 성남시 분당구 느티로 16 1층 117호,월~토 17:00 ~ 01:00,,"//img1.kakaocdn.net/cthumb/local/C640x640.q50/?fname=http%3A%2F%2Ft1.kakaocdn.net%2Ffiy_reboot%2Fplace%2F1D7A9D1070B24D97A6999FC34484D94E, //img1.kakaocdn.net/cthumb/local/C320x320.q50/?fname=http%3A%2F%2Ft1.kakaocdn.net%2Ffiy_reboot%2Fplace%2FF07F8EAA4C5846B7A37D2C6ACBE7C5B2, //img1.kakaocdn.net/cthumb/local/C320x320.q50/?fname=http%3A%2F%2Ft1.daumcdn.net%2Flocal%2FkakaomapPhoto%2Freview%2F25853d42f55e70eaa13e7bdfb9638ea769eeebc5%3Foriginal","WIFI
주차
휠체어사용","배달가능, 포장가능",False
05-50,노군꼬치 분당서현점,이자카야,4.7,4,경기 성남시 분당구 중앙공원로39번길 49 지엔느오피스텔 1층 125호,매일 17:00 ~ 24:00,050713642869,"//img1.kakaocdn.net/cthumb/local/C640x640.q50/?fname=http%3A%2F%2Ft1.daumcdn.net%2Flocal%2FkakaomapPhoto%2Freview%2F1a72f060a9f9b42b51799f98ff5e76c9b7c69515%3Foriginal, //img1.kakaocdn.net/cthumb/local/C320x320.q50/?fname=http%3A%2F%2Ft1.daumcdn.net%2Flocal%2FkakaomapPhoto%2Freview%2Fdd2677c334bfa4123ce01656a08bd07ad7042ade%3Foriginal, //img1.kakaocdn.net/cthumb/local/C320x320.q50/?fname=http%3A%2F%2Ft1.daumcdn.net%2Flocal%2FkakaomapPhoto%2Freview%2F95a0a99f7212f77ef07479a78429bc7ae4db63e7%3Foriginal",편의시설 정보 없음,유의사항 정보 없음,False
05-51,하루인,이자카야,4.7,157,경기 성남시 분당구 성남대로331번길 9-9 2층 203호,월~토 15:00 ~ 24:00,0317112224,"//img1.kakaocdn.net/cthumb/local/C640x640.q50/?fname=https%3A%2F%2Fpostfiles.pstatic.net%2FMjAyNDA4MDRfNjMg%2FMDAxNzIyNzQzMTk5OTk3.ckk4PMXI-HLqBvWd4dZzXJhgKa6jUnrYXZl2w5OoaJwg.40XDRLxk70w3M_3W_4otuIsXNDxA-TAq7ssoC6EKbS0g.JPEG%2FKakaoTalk_20240804_124508256_02.jpg%3Ftype%3Dw580, //img1.kakaocdn.net/cthumb/local/C320x320.q50/?fname=https%3A%2F%2Fpostfiles.pstatic.net%2FMjAyNDA4MDRfMjA2%2FMDAxNzIyNzQzMjAwMDEz.WlFAweIr3Rl2t6WBW3AaqZ9rGhtftU4OXL36V3xUj3gg.7F_AKvGjrdYBGPyPWIUvtTqS-9eGXSQ7IHOQx1Uo1_Ug.JPEG%2FKakaoTalk_20240804_124508256_01.jpg%3Ftype%3Dw580, //img1.kakaocdn.net/cthumb/local/C320x320.q50/?fname=https%3A%2F%2Fpostfiles.pstatic.net%2FMjAyNDA4MDdfMTcz%2FMDAxNzIzMDA4MTA1NDcw.SeVsn-7qkHstitSLrCZEXgMcZhtztpUEjygPwx9MCjEg.L_Y0hjFe9FHkl1ZOJLqUynFz4e-z9nTzvmwqi6OWhb8g.JPEG%2FKakaoTalk_20240807_142111626.jpg%3Ftype%3Dw580",편의시설 정보 없음,유의사항 정보 없음,False
05-52,오이시,이자카야,3.0,0,경기 성남시 분당구 황새울로360번길 24 4층,,,이미지 정보 없음,편의시설 정보 없음,유의사항 정보 없음,False
05-53,무한사케무사 서현점,이자카야,3.0,0,경기 성남시 분당구 황새울로360번길 26 4층,,,이미지 정보 없음,편의시설 정보 없음,유의사항 정보 없음,False
05-54,스미노카리 정자점,이자카야,4.7,451,경기 성남시 분당구 정자일로 162 109호,매일 17:00 ~ 01:00,,"//img1.kakaocdn.net/cthumb/local/C640x640.q50/?fname=http%3A%2F%2Ft1.kakaocdn.net%2Ffiy_reboot%2Fplace%2F4AABCA88056F43A29A5339C79075DA15, //img1.kakaocdn.net/cthumb/local/C320x320.q50/?fname=http%3A%2F%2Ft1.daumcdn.net%2Flocal%2FkakaomapPhoto%2Freview%2F0f2f4af4b4f3cf527a097ac3678ed5b177329686%3Foriginal, //img1.kakaocdn.net/cthumb/local/C320x320.q50/?fname=http%3A%2F%2Ft1.daumcdn.net%2Flocal%2FkakaomapPhoto%2Freview%2F1232f5196a692102d6ccc4515a6d16270c31ba30%3Foriginal",편의시설 정보 없음,유의사항 정보 없음,False
05-55,벚꽃나무,이자카야,1.0,4,경기 성남시 분당구 성남대로331번길 13 1층 113호,영업시간 매일 18:00 ~ 05:00,,"//img1.kakaocdn.net/cthumb/local/C640x640.q50/?fname=http%3A%2F%2Ft1.daumcdn.net%2Flocalfiy%2F3492FFFF000D42CA9CF695A93EE83D06, //img1.kakaocdn.net/cthumb/local/C320x320.q50/?fname=http%3A%2F%2Ft1.daumcdn.net%2Flocal%2FkakaomapPhoto%2Freview%2Fc5975abd42ebc880f9d2105fb8a80ed5667246ae%3Foriginal, //img1.kakaocdn.net/cthumb/local/C320x320.q50/?fname=https%3A%2F%2Fpostfiles.pstatic.net%2FMjAyNDA1MjlfODYg%2FMDAxNzE2OTg4NDc5NjI3.MQvRjCePg3i8JXeNWWoBil1TM9BKEJmGDMIVR1RuAoIg.rfccm3yHihmcLoVobOQhw9z0u4lueHOx53P-jXyl8hUg.JPEG%2FIMG%25EF%25BC%25BF20240529%25EF%25BC%25BF164940%25EF%25BC%25BF856.jpg%3Ftype%3Dw773",편의시설 정보 없음,유의사항 정보 없음,False
05-56,츠키,이자카야,4.2,384,경기 성남시 분당구 정자일로156번길 6 111호,월~토 11:30 ~ 24:00 · 휴게시간 월~금 14:30 ~ 17:00,0317788484,"//img1.kakaocdn.net/cthumb/local/C640x640.q50/?fname=http%3A%2F%2Ft1.daumcdn.net%2Fplace%2F1F702BAE6B064A72B7EF0FFAEB1255F9, //img1.kakaocdn.net/cthumb/local/C320x320.q50/?fname=https%3A%2F%2Fpostfiles.pstatic.net%2FMjAyNDA4MzBfNTAg%2FMDAxNzI0OTk0MTU1MjE3.AyxMRxOnQZT3Hsk6QB_x8E0IWifqllZj29C3UXmwRKYg.D3I1pMi7i019qN3SlAawDTrpbOtzIjyQHQMiREAWeGUg.JPEG%2F20240830%25EF%25BC%25BF132459.jpg%3Ftype%3Dw773, //img1.kakaocdn.net/cthumb/local/C320x320.q50/?fname=https%3A%2F%2Fpostfiles.pstatic.net%2FMjAyNDA4MzFfMjMz%2FMDAxNzI1MTE1NDU4NzUz.C4_pBrBCIKXjMFj5frZjyX3wduat0nV8ZVfskT-q44gg.Nsa8SEdnb6iOQFE4w2EYRh_Q7tuAWt0UG2wGKr-5VHMg.JPEG%2Foutput_3277800357.jpg%3Ftype%3Dw773",편의시설 정보 없음,유의사항 정보 없음,False
05-57,아미이자까야,이자카야,5.0,0,경기 성남시 분당구 느티로 16 젤존타워 1층,,0317113532,이미지 정보 없음,주차,예약가능,False
05-58,이자까야라꾸,이자카야,0.0,0,경기 성남시 분당구 정자일로 192,,,이미지 정보 없음,편의시설 정보 없음,유의사항 정보 없음,False
05-59,미츠토리 정자점,이자카야,4.6,208,경기 성남시 분당구 성남대로331번길 13 105호,월~금 17:00 ~ 01:00,,"//img1.kakaocdn.net/cthumb/local/C640x640.q50/?fname=http%3A%2F%2Ft1.daumcdn.net%2Fplace%2F6908CD452C474B40AE71F35EC9FB0C4E, //img1.kakaocdn.net/cthumb/local/C320x320.q50/?fname=http%3A%2F%2Ft1.daumcdn.net%2Flocal%2FkakaomapPhoto%2Freview%2F4cca81d2a7f15b0008fe1af0863bd5dc554efcd1%3Foriginal, //img1.kakaocdn.net/cthumb/local/C320x320.q50/?fname=http%3A%2F%2Ft1.daumcdn.net%2Flocal%2FkakaomapPhoto%2Freview%2Fa13b64fc84b7278dd2a2240caeef1b7c8e886689%3Foriginal",편의시설 정보 없음,유의사항 정보 없음,False
05-60,무한사케무사 정자점,이자카야,0.0,0,경기 성남시 분당구 느티로 16,,0317119196,이미지 정보 없음,편의시설 정보 없음,유의사항 정보 없음,False
05-61,로바타풍산,이자카야,0.0,0,경기 성남시 분당구 정자일로 197 1층 109호,영업시간 월~토 17:30 ~ 01:30,,이미지 정보 없음,편의시설 정보 없음,유의사항 정보 없음,False
05-62,예술,이자카야,,97,경기 성남시 수정구 청계산로1길 21 1층,월~금 11:00 ~ 24:00 · 휴게시간 월~금 14:00 ~ 17:00,050713268878,"//img1.kakaocdn.net/cthumb/local/C640x640.q50/?fname=http%3A%2F%2Ft1.daumcdn.net%2Flocalfiy%2F2ADA9654C8684DDEB22C45D1653915A8, //img1.kakaocdn.net/cthumb/local/C320x320.q50/?fname=http%3A%2F%2Ft1.daumcdn.net%2Flocalfiy%2F43AA83BCDA1D467EB3FD0C84696B2F47, //img1.kakaocdn.net/cthumb/local/C320x320.q50/?fname=http%3A%2F%2Ft1.daumcdn.net%2Flocalfiy%2F369E6FEBC5844B5A97E46AED5D591A5E",편의시설 정보 없음,유의사항 정보 없음,False
05-63,아쿠아마,이자카야,4.9,36,경기 성남시 분당구 성남대로331번길 3-13 대명제스트빌딩 1층 107호,화~토 17:00 ~ 02:00,01095487065,"//img1.kakaocdn.net/cthumb/local/C640x640.q50/?fname=http%3A%2F%2Ft1.kakaocdn.net%2Ffiy_reboot%2Fplace%2F5E6990F7973A4FDA8FF7EF57230AD2E5, //img1.kakaocdn.net/cthumb/local/C320x320.q50/?fname=http%3A%2F%2Ft1.kakaocdn.net%2Ffiy_reboot%2Fplace%2FBA406100ED7D4E67919C9B6EE96B2BE2, //img1.kakaocdn.net/cthumb/local/C320x320.q50/?fname=http%3A%2F%2Ft1.kakaocdn.net%2Ffiy_reboot%2Fplace%2F6E04751807E441F8922D13E7785FD28D","WIFI
주차","예약가능, 배달불가, 포장가능",False
05-64,청담이상 정자점,이자카야,3.3,35,경기 성남시 분당구 정자일로 146,월~토 16:30 ~ 01:00,0317254884,"//img1.kakaocdn.net/cthumb/local/C640x640.q50/?fname=http%3A%2F%2Ft1.daumcdn.net%2Fplace%2FA21D2B9861A84B709866801ED860FEC7, //img1.kakaocdn.net/cthumb/local/C320x320.q50/?fname=http%3A%2F%2Ft1.daumcdn.net%2Flocal%2FkakaomapPhoto%2Freview%2Fa2021614eb8475925ca10d5eae9991d2426df1df%3Foriginal, //img1.kakaocdn.net/cthumb/local/C320x320.q50/?fname=https%3A%2F%2Fpostfiles.pstatic.net%2FMjAyNDEwMjFfNDMg%2FMDAxNzI5NTE2NzMxODc1.RjQV9yUihp_dRsRZr6keETpghcxkaxriFx-LQNeQ6Fog.tRlQZ8K6YSVh5KObkTfQAi6-fVG1HluNuvzkaOs2Lm8g.JPEG%2FIMG_7391.jpg%3Ftype%3Dw966","WIFI
주차",예약가능,False
05-65,백야다이닝라운지,이자카야,3.7,64,경기 성남시 분당구 성남대로331번길 11-15 봉우빌딩 2층,매일 15:00 ~ 01:00,0317174421,"//img1.kakaocdn.net/cthumb/local/C640x640.q50/?fname=http%3A%2F%2Ft1.daumcdn.net%2Fplace%2F35911D90442E4F928C569C09C398647E, //img1.kakaocdn.net/cthumb/local/C320x320.q50/?fname=http%3A%2F%2Ft1.daumcdn.net%2Flocal%2FkakaomapPhoto%2Freview%2Fcf51ef40fbee1a591f80845b4d1ecfbb69dff837%3Foriginal, //img1.kakaocdn.net/cthumb/local/C320x320.q50/?fname=http%3A%2F%2Ft1.daumcdn.net%2Flocal%2FkakaomapPhoto%2Freview%2F7ad487a1c75bfe79bb102aa707ba4c852cb7a2e8%3Foriginal",편의시설 정보 없음,유의사항 정보 없음,False
05-66,쇼군 선술집,이자카야,0.0,1,경기 성남시 분당구 야탑로69번길 18 동아프라자 2층,,,"//img1.kakaocdn.net/cthumb/local/C640x640.q50/?fname=https%3A%2F%2Fpostfiles.pstatic.net%2FMjAyMzAyMDJfMjUx%2FMDAxNjc1Mjk5NTkxNzA4.u90UORlvMIpL1-_5SEupck1675-m3u--_cQa3dM4Ck0g.mxhgYLcmxQwVrVmbEmZeO2SF3icH90XYawScI9faxS4g.JPEG.tetramio%2FIMG_0904.jpg%3Ftype%3Dw966, //img1.kakaocdn.net/cthumb/local/C320x320.q50/?fname=https%3A%2F%2Fpostfiles.pstatic.net%2FMjAyMzAyMDJfMjE4%2FMDAxNjc1Mjk5NTkxNzIw.q2lV5MtWXCSsSuOJPuU20F2on4o5_QnW2ZDPRdOOKrQg.ZMMFb1rYzE0U6Vq5ubl56fngVbeetJgFw82cmxQkDOQg.JPEG.tetramio%2FIMG_0927.jpg%3Ftype%3Dw966, //img1.kakaocdn.net/cthumb/local/C320x320.q50/?fname=https%3A%2F%2Fpostfiles.pstatic.net%2FMjAyMzAyMDJfMjc0%2FMDAxNjc1Mjk5NTkxODE0.ArCfiAogr4dMku7qkagK6V063m0dQ3sGpxjjcvnjSPsg.9s5IWSP39LnU7T5Uf6Gk06PTvaCWBenz2hSpvIeXBekg.JPEG.tetramio%2FIMG_0920.jpg%3Ftype%3Dw966",편의시설 정보 없음,유의사항 정보 없음,False
05-67,오사카킴&요리포차,이자카야,0.0,0,경기 성남시 분당구 야탑로69번길 18,,,이미지 정보 없음,편의시설 정보 없음,유의사항 정보 없음,False
05-68,회심의일격 야탑점,이자카야,4.0,18,경기 성남시 분당구 야탑로105번길 12-2 1층,매일 17:00 ~ 01:30,0317076399,"//img1.kakaocdn.net/cthumb/local/C640x640.q50/?fname=http%3A%2F%2Ft1.kakaocdn.net%2Ffiy_reboot%2Fplace%2F8AD458BA5FD44B5B9276C3A3B0E27EF1, //img1.kakaocdn.net/cthumb/local/C320x320.q50/?fname=http%3A%2F%2Ft1.kakaocdn.net%2Ffiy_reboot%2Fplace%2FA9011BF38583460791034E80E53A8C61, //img1.kakaocdn.net/cthumb/local/C320x320.q50/?fname=http%3A%2F%2Ft1.kakaocdn.net%2Fmystore%2F79B4A1E498644201828AE8C350357584",편의시설 정보 없음,유의사항 정보 없음,False
05-69,꼬뎅마루 야탑점,이자카야,3.3,7,경기 성남시 분당구 야탑로105번길 22-7 1층,영업시간 월~토 17:30 ~ 21:30,0317055792,"//img1.kakaocdn.net/cthumb/local/C640x640.q50/?fname=http%3A%2F%2Ft1.daumcdn.net%2Fplace%2F7A649895C3774F76AE9B9CE31CC6700F, //img1.kakaocdn.net/cthumb/local/C320x320.q50/?fname=http%3A%2F%2Ft1.daumcdn.net%2Flocal%2FkakaomapPhoto%2Freview%2F355fbd5f46452a2c7f791a7bd595106daa77a492%3Foriginal, //img1.kakaocdn.net/cthumb/local/C320x320.q50/?fname=http%3A%2F%2Ft1.daumcdn.net%2Flocal%2FkakaomapPhoto%2Freview%2F14b25f95fd5bcb236902eb864f76774ef252e3bd1c2411798871043d62532630",편의시설 정보 없음,유의사항 정보 없음,False
05-70,섬맛의공방 야탑점,이자카야,2.3,19,경기 성남시 분당구 성남대로926번길 10 탑빌딩 1층,월~금 11:30 ~ 02:30 · 휴게시간 월~금 14:30 ~ 16:30,0317080919,"//img1.kakaocdn.net/cthumb/local/C640x640.q50/?fname=http%3A%2F%2Ft1.daumcdn.net%2Fplace%2F3CE050EC6BEF4256B17BB5CDBF122368, //img1.kakaocdn.net/cthumb/local/C320x320.q50/?fname=http%3A%2F%2Ft1.daumcdn.net%2Flocal%2FkakaomapPhoto%2Freview%2Fc0b93a467abf511aba0137512ab6d484e325ee5e%3Foriginal, //img1.kakaocdn.net/cthumb/local/C320x320.q50/?fname=http%3A%2F%2Ft1.daumcdn.net%2Flocal%2FkakaomapPhoto%2Freview%2Fc75aca3b46678a6ad19b9f1cada2991867c5d02e%3Foriginal",편의시설 정보 없음,유의사항 정보 없음,False
05-71,갈라파꼬치,이자카야,4.8,9,경기 성남시 분당구 정자일로 140 정자역 엠코헤리츠 2단지 B동 1층 125호,,,"//img1.kakaocdn.net/cthumb/local/C640x640.q50/?fname=http%3A%2F%2Ft1.daumcdn.net%2Fplace%2F9914AD319D2B4532AFA4CAD2C381A6FB, //img1.kakaocdn.net/cthumb/local/C320x320.q50/?fname=https%3A%2F%2Fpostfiles.pstatic.net%2FMjAyMzEwMjVfMjkg%2FMDAxNjk4MjA3NDAwMzQ0.SbgoHNQ7CI1bS43__Prx7aFqDHkb__EYsGaOT-EwZhMg.6wgTtumolaFPoVoGhKpqVrTkdoSJV3s4v3D7sJ-wnhcg.JPEG.jasmin7141%2Foutput_1998055047.jpg%3Ftype%3Dw966, //img1.kakaocdn.net/cthumb/local/C320x320.q50/?fname=https%3A%2F%2Fpostfiles.pstatic.net%2FMjAyMzEwMjRfMjc0%2FMDAxNjk4MTA2NjU4Nzk4.DTV_tFpKRBfM7niKw2e_58yPv0qW9Ys80KuPOreASN0g.-3nZfwPPvj8NnmletxODYuVG7WUjTau6FWxTqznOkigg.JPEG.now170624%2FIMG_8288.jpg%3Ftype%3Dw773",편의시설 정보 없음,유의사항 정보 없음,False
05-72,토리키치 분당야탑점,이자카야,3.5,14,경기 성남시 분당구 야탑로111번길 12-9 1층,매일 17:00 ~ 01:00,0317075277,"//img1.kakaocdn.net/cthumb/local/C640x640.q50/?fname=http%3A%2F%2Ft1.daumcdn.net%2Flocal%2FkakaomapPhoto%2Freview%2Fdbef0743325f4030812e5c8731fa1623d1ec1540%3Foriginal, //img1.kakaocdn.net/cthumb/local/C320x320.q50/?fname=http%3A%2F%2Ft1.daumcdn.net%2Flocal%2FkakaomapPhoto%2Freview%2Fee2e24acd85dbe0aa358a113b3033dd7cf3f8d0f%3Foriginal, //img1.kakaocdn.net/cthumb/local/C320x320.q50/?fname=http%3A%2F%2Ft1.daumcdn.net%2Flocal%2FkakaomapPhoto%2Freview%2F9a8884a65bb0a11e3f2540b64cbcb3e59a22d5c6%3Foriginal",편의시설 정보 없음,유의사항 정보 없음,False
05-73,마쯔리,이자카야,3.0,0,경기 성남시 분당구 야탑로111번길 22 1층,,0317534686,"//img1.kakaocdn.net/cthumb/local/C640x640.q50/?fname=http%3A%2F%2Ft1.kakaocdn.net%2Fmystore%2FA31493AAB19D433E95D0C265BACA8F0B, //img1.kakaocdn.net/cthumb/local/C320x320.q50/?fname=http%3A%2F%2Ft1.kakaocdn.net%2Fmystore%2FBB6609BF21AE43A2855EB3BD50187B94, //img1.kakaocdn.net/cthumb/local/C320x320.q50/?fname=https%3A%2F%2Fpostfiles.pstatic.net%2FMjAyNDExMTdfMjYx%2FMDAxNzMxODQwMjkxODMx.YXWddmIBsaFdjCOw_CwtNUoJFNg3jMdr_EN1ATpUdTog.dMLpKojwidc1UANBOMfSh33HjKIh_fk0HhwIHAqX1aYg.JPEG%2FIMG_6626.jpg%3Ftype%3Dw966",편의시설 정보 없음,유의사항 정보 없음,False
05-74,이자카야엔,이자카야,4.0,0,경기 성남시 분당구 정자일로 220 1층 119호,영업시간 매일 18:00 ~ 02:00,0317151520,"//img1.kakaocdn.net/cthumb/local/C640x640.q50/?fname=http%3A%2F%2Ft1.daumcdn.net%2Fplace%2FA0763084E01B4C88B58C1C463723B34D, //img1.kakaocdn.net/cthumb/local/C320x320.q50/?fname=https%3A%2F%2Fpostfiles.pstatic.net%2FMjAyNDExMjJfMjI2%2FMDAxNzMyMjU3ODYzNjA5.2HGV4rP9ew-JKMfrLCZpOIapcaUhkpOcyATGiBfFBg8g.M-eWHuYwejzFxL4iD_BZDfc0kQHfOhZBQY5WsXwvX6Qg.JPEG%2FIMG_6414.JPG%3Ftype%3Dw966, //img1.kakaocdn.net/cthumb/local/C320x320.q50/?fname=https%3A%2F%2Fpostfiles.pstatic.net%2FMjAyNDEyMTJfMjg0%2FMDAxNzMzOTkwNjc3Njky.ZsgutUYHFT6m2Q76QiriwqI1BFu0joQwpq5lV6rAeZQg.T1vPAgjNhMYrZcSGxW9qxPoCNO_Wh0sEpN0_B0LhA6og.JPEG%2FSE-2a952323-4798-43d1-8a85-73076050a4e0.jpg%3Ftype%3Dw466",편의시설 정보 없음,유의사항 정보 없음,False
05-75,일편뎅심 판교직영점,이자카야,4.6,217,경기 성남시 분당구 판교역로192번길 14-1 판교예미지 1층 106호,영업시간 월~토 18:00 ~ 02:00,0317080508,"//img1.kakaocdn.net/cthumb/local/C640x640.q50/?fname=http%3A%2F%2Ft1.kakaocdn.net%2Ffiy_reboot%2Fplace%2F1DC5C9FCAE064F87BA48E19E86B3C417, //img1.kakaocdn.net/cthumb/local/C320x320.q50/?fname=http%3A%2F%2Ft1.daumcdn.net%2Flocal%2FkakaomapPhoto%2Freview%2F33da7a9a67be2894d86aed70bbb8a0cefc67e7b493ddd1a498b0a1d38bbee86f, //img1.kakaocdn.net/cthumb/local/C320x320.q50/?fname=http%3A%2F%2Ft1.daumcdn.net%2Flocal%2FkakaomapPhoto%2Freview%2F85d083dffb36957915e284848bf2831e64bffcff%3Foriginal",주차,"예약가능, 배달불가, 포장불가",False
05-76,츠키야,이자카야,5.0,45,경기 성남시 분당구 분당내곡로 151 삼도타워 1층 111호,월~금 11:00 ~ 24:00 · 휴게시간 월~금 14:00 ~ 17:00,0317080827,"//img1.kakaocdn.net/cthumb/local/C640x640.q50/?fname=http%3A%2F%2Ft1.kakaocdn.net%2Fmystore%2F96BA7B303E33458E96C736897565A087, //img1.kakaocdn.net/cthumb/local/C320x320.q50/?fname=http%3A%2F%2Ft1.kakaocdn.net%2Fmystore%2F35BBB414FE184AACA815D22931E8ED54, //img1.kakaocdn.net/cthumb/local/C320x320.q50/?fname=http%3A%2F%2Ft1.kakaocdn.net%2Fmystore%2F293F5518F0614F9BA7BBB05BE819B437","WIFI
동물출입
주차
휠체어사용
놀이방
흡연실","예약불가, 배달불가, 포장불가",False
05-77,야키토리 타쿠야,이자카야,5.0,11,경기 성남시 분당구 성남대로 295 A동 120호,영업시간 월~금 18:00 ~ 24:00,0317177793,"//img1.kakaocdn.net/cthumb/local/C640x640.q50/?fname=http%3A%2F%2Ft1.kakaocdn.net%2Fmystore%2F42A2C1288D12454ABBB29F9C6FED8B98, //img1.kakaocdn.net/cthumb/local/C320x320.q50/?fname=http%3A%2F%2Ft1.kakaocdn.net%2Fmystore%2FD0771DBC64214F40B0CDF91AC16AD6BA, //img1.kakaocdn.net/cthumb/local/C320x320.q50/?fname=http%3A%2F%2Ft1.kakaocdn.net%2Fmystore%2FCAFB645844A341CAA7D9C75F6971330B","WIFI
동물출입
주차
휠체어사용
놀이방
흡연실","예약가능, 배달불가, 포장불가",False
