restaurant_id,menu_id,menu_name,price,is_deleted,is_active
06-01,1,평양냉면,16000,False,True
06-01,2,비빔면,16000,False,True
06-01,3,평양온반,13000,False,True
06-01,4,만두국,15000,False,True
06-01,5,어북쟁반 (중),80000,False,True
06-01,6,어북쟁반 (대),110000,False,True
06-01,7,불고기,36000,False,True
06-01,8,접시만두,15000,False,True
06-01,9,평양온면,16000,False,True
06-01,10,제육,32000,False,True
06-01,11,녹두지짐이,20000,False,True
06-01,12,수제순대,25000,False,True
06-01,13,수육,50000,False,True
06-01,14,가자미식해,35000,False,True
06-02,15,통양념갈비(1인분),27000,False,True
06-02,16,생갈비(1인분),38000,False,True
06-02,17,왕양념갈비(1인분),39000,False,True
06-02,18,설화생등심(1인분),56000,False,True
06-02,19,갈비탕,11000,False,True
06-03,20,통골뱅이찜/탕(1~2인분),32000,False,True
06-03,21,통골뱅이찜/탕(3~4인분),42000,False,True
06-03,22,골뱅이무침(1~2인분),30000,False,True
06-03,23,문어숙회(3~4인분),39000,False,True
06-03,24,골뱅이숙회찜(1~2인분),30000,False,True
06-04,25,대게,128000,False,True
06-04,26,킹크랩,138000,False,True
06-04,27,랍스터,118000,False,True
06-05,28,멸치쌈밥,12000,False,True
06-05,29,멸치회무침 (중),28000,False,True
06-05,30,멸치튀김,12000,False,True
06-05,31,감자전,13000,False,True
06-05,32,우렁이맑은탕,10000,False,True
06-05,33,우렁이들깨탕,11000,False,True
06-06,34,람바다 회무침 (2인),39000,False,True
06-06,35,불쭈꾸미 (1인),18000,False,True
06-06,36,불아구 (1인),18000,False,True
06-06,37,불알 (1인),18000,False,True
06-06,38,불메로 (1인),25000,False,True
06-06,39,불해물찜 (2~3인),67000,False,True
06-06,40,불해물알찜 (2~3인),67000,False,True
06-06,41,알찜 (1인),18000,False,True
06-06,42,아구찜 (1인),18000,False,True
06-06,43,메로찜 (1인),25000,False,True
06-06,44,해물알찜 (2~3인),67000,False,True
06-06,45,해물찜 (2~3인),67000,False,True
06-06,46,알전골 (1인),18000,False,True
06-06,47,은대구전골 (1인),22000,False,True
06-06,48,메로전골 (1인),25000,False,True
06-06,49,해물탕 (2~3인),69000,False,True
06-06,50,꽃게탕 (2~3인),62000,False,True
06-06,51,광어 한접시,62000,False,True
06-06,52,광어 반접시,39000,False,True
06-06,53,오리 한판,49000,False,True
06-06,54,꼬막무침,35000,False,True
06-07,55,[저녁]모둠특선,65000,False,True
06-07,56,[점심]보리굴비정식,39000,False,True
06-07,57,[점심]묵은지고등어조림,19000,False,True
06-07,58,[점심]해초고등어한상,18000,False,True
06-07,59,[점심]전복뚝배기,22000,False,True
06-07,60,[점심]해우리특정식,47000,False,True
06-08,61,듀록철판볶음밥 (2~3인),16000,False,True
06-08,62,SGP 숄더랙 (2인분),39000,False,True
06-08,63,진삼겹살 (150g),19000,False,True
06-08,64,꽃목살 (150g),19000,False,True
06-08,65,등심덧살 (150g),21000,False,True
06-08,66,듀록 오겹살 (150g),24000,False,True
06-08,67,듀록 목살 (150g),24000,False,True
06-08,68,통목살 김치찜,15000,False,True
06-08,69,돼지 김치찌개,11000,False,True
06-08,70,해물 된장찌개,11000,False,True
06-09,71,한우 곱창구이,41000,False,True
06-09,72,뚜뿔한우새우살(150g),76000,False,True
06-09,73,특양구이(160g),39000,False,True
06-09,74,한우 대창구이(160g),39000,False,True
06-09,75,런치 양대창 세트(1인),55000,False,True
06-09,76,런치 투뿔한우세트(1인),65000,False,True
06-10,77,갈비탕,14000,False,True
06-10,78,청정양념구이 쌈밥정식 (200g),14900,False,True
06-10,79,한돈양념구이 쌈밥정식 (200g),17900,False,True
06-10,80,청정양념구이,14900,False,True
06-10,81,한돈양념구이,17900,False,True
06-10,82,생갈빗살,24000,False,True
06-10,83,생한돈양념구이,19500,False,True
06-11,84,양갈비 (1인분),30000,False,True
06-11,85,양살치살 (130g),26000,False,True
06-11,86,진모듬 (2인),65000,False,True
06-11,87,양등심 (1인분),22000,False,True
06-11,88,양삼겹 (1인분),26000,False,True
06-11,89,프렌치랙 (1인분),34000,False,True
06-12,90,숙성도 블랙 프리미엄,91000,False,True
06-12,91,960 숙성 생갈비,35000,False,True
06-12,92,720 교차숙성 흑돼지(꾸리살),22000,False,True
06-12,93,720 숙성 삼겹살,23000,False,True
06-12,94,720 발효숙성 목살,23000,False,True
06-12,95,560 통항정,23000,False,True
06-12,96,560 특갈빗살,23000,False,True
06-12,97,갈치속젓볶음밥,8000,False,True
06-12,98,냉이된장술밥,8000,False,True
06-12,99,돈백탕 (돼지뼈곰탕),9000,False,True
06-12,100,가자미회 비빔냉면,8000,False,True
06-12,101,시원한 동치미냉면,8000,False,True
06-12,102,맛있는 김치찌개 추가,5000,False,True
06-13,103,방유당 한상차림 (4인 기준),220000,False,True
06-13,104,방유당 저녁 정찬 B,128000,False,True
06-13,105,들기름 돼지고기 묵은지찜 점심반상,24000,False,True
06-13,106,새우&표고튀김범벅 점심반상,30000,False,True
06-13,107,전주식 약고추장 한우육회 점심 반상,31000,False,True
06-13,108,생들기름 한우 육전 점심 반상,33000,False,True
06-13,109,방유당 한상차림 (2인),110000,False,True
06-13,110,방유당 한상차림 (3인 기준),165000,False,True
06-13,111,방유당 한상차림 (5인),275000,False,True
06-13,112,방유당 저녁 정찬 A,89000,False,True
06-13,113,방유당 주안상 요리,25000,False,True
06-13,114,방유당 추천 우리 주류,9000,False,True
06-13,115,와인 (화이트/샴페인),15000,False,True
06-13,116,와인 (레드),15000,False,True
06-15,117,낙곱새,14000,False,True
06-15,118,낙삼새,14000,False,True
06-15,119,낙새,14000,False,True
06-15,120,한우대창덮밥,12000,False,True
06-15,121,낙지덮밥,12000,False,True
06-15,122,육회덮밥,12000,False,True
06-15,123,육회비빔라면,11000,False,True
06-15,124,장모님왕만두,7000,False,True
06-15,125,동래부추전,16000,False,True
06-15,126,어린이돈까스,8000,False,True
06-16,127,점심특선_한우등심 양념구이 정식(130g),23000,False,True
06-16,128,1등급 한우등심(100g)산지시세에 따라 변동,13800,False,True
06-16,129,+1등급 한우등심(100g)산지시세에 따라 변동,15800,False,True
06-16,130,++1등급 한우등심(100g)산지시세에 따라 변동,17800,False,True
06-16,131,안심1++(100g)산지시세에 따라 변동,21800,False,True
06-16,132,채끝1++(100g)산지시세에 따라 변동,20800,False,True
06-16,133,살치살1++(100g)산지시세에 따라 변동,22800,False,True
06-16,134,갈비살1++(100g)산지시세에 따라 변동,17800,False,True
06-16,135,안창살1++(100g)산지시세에 따라 변동,32800,False,True
06-16,136,한우 육회,25000,False,True
06-17,137,명품 한우 꽃등심,45000,False,True
06-17,138,명품 한우 차돌,27000,False,True
06-17,139,명품 한우 육회,26000,False,True
06-17,140,명품 숙성 오겹살,17000,False,True
06-17,141,숙성 통 삽겹살,16000,False,True
06-17,142,숙성 통 목살,16000,False,True
06-18,143,명품삼겹 (150g),0,False,True
06-18,144,인생목살 (150g),15000,False,True
06-18,145,통갈매기 (150g),16000,False,True
06-18,146,금항정살 (150g),17000,False,True
06-18,147,오모가리김치찌개,7000,False,True
06-19,148,막국수,12000,False,True
06-19,149,샘밭정식,19000,False,True
06-19,150,편육,25000,False,True
06-19,151,보쌈 (중),35000,False,True
06-19,152,보쌈 (대),48000,False,True
06-19,153,녹두전,18000,False,True
06-19,154,감자전,18000,False,True
06-19,155,섞어전,18000,False,True
06-19,156,메밀전,16000,False,True
06-19,157,모두부,11000,False,True
06-19,158,부침두부,14000,False,True
06-19,159,조개탕,19000,False,True
06-19,160,메밀칼국수,12000,False,True
06-20,161,한우양곰탕,21000,False,True
06-20,162,한우도가니탕,30000,False,True
06-20,163,벽제설렁탕,19000,False,True
06-20,164,봉피양 평양냉면,16000,False,True
06-20,165,한우양념갈비(200g),56000,False,True
06-20,166,개성만두세트(런치),19000,False,True
06-20,167,돼지목심본갈비(270g),36000,False,True
06-21,168,골프채 갈비탕,18000,False,True
06-21,169,매운갈비찜,18000,False,True
06-21,170,차돌볶음과된장찌개,13000,False,True
06-21,171,한우육회비빔밥,13000,False,True
06-21,172,육개장칼국수,12000,False,True
06-21,173,수제비된장찌개,10000,False,True
06-21,174,스팸김치찌개,10000,False,True
06-21,175,물냉면/비빔냉면,10000,False,True
06-21,176,차돌깍두기볶음밥과 된장찌개,15000,False,True
06-21,177,한우스페셜,219000,False,True
06-21,178,플루마,38000,False,True
06-21,179,황제살,32000,False,True
06-21,180,갈비살,25000,False,True
06-21,181,항정살,23000,False,True
06-21,182,꽃목살,21000,False,True
06-21,183,특안심,58000,False,True
06-21,184,설화등심,60000,False,True
06-21,185,치마살,66000,False,True
06-21,186,새우살,68000,False,True
06-21,187,샤또브리앙,68000,False,True
06-22,188,물곰탕,25000,False,True
06-22,189,생대구탕,25000,False,True
06-22,190,민어탕,0,False,True
06-22,191,알탕,20000,False,True
06-22,192,회무침,20000,False,True
06-22,193,회덮밥,20000,False,True
06-22,194,물회,25000,False,True
06-22,195,멍게비빔밥,20000,False,True
06-22,196,자산어보,50000,False,True
06-22,197,참가자미세꼬시,50000,False,True
06-22,198,모듬사시미,60000,False,True
06-22,199,해산물모듬,80000,False,True
06-22,200,문어,50000,False,True
06-22,201,낙지볶음,30000,False,True
06-22,202,과메기,40000,False,True
06-22,203,전복구이,80000,False,True
06-23,204,4+4,96000,False,True
06-23,205,2+2,52000,False,True
06-23,206,1인분,16000,False,True
06-24,207,고창 풍천 민물장어 1kg,99000,False,True
06-24,208,한우 투뿔육회 200g,25000,False,True
06-24,209,고창 풍천 민물장어500g,52000,False,True
06-24,210,자연산 소금 산꼼장어 500g,40000,False,True
06-24,211,자연산 소금 산꼼장어 1kg,78000,False,True
06-24,212,자연산 양념 산꼼장어 500g,42000,False,True
06-24,213,자연산 양념 산꼼장어 1kg,80000,False,True
06-24,214,살치살 150g,25000,False,True
06-24,215,채끝등심 150g,25000,False,True
06-24,216,갈비살 150g,18000,False,True
06-24,217,활전복버터구이 10미,36000,False,True
06-24,218,곤드레장어정식(점심),18000,False,True
06-24,219,굴짬뽕장어정식(점심),18000,False,True
06-24,220,냉면장어정식(점심),18000,False,True
06-25,221,점심특선 야끼니쿠 반상(1인 정식),15000,False,True
06-25,222,점심특선 샤브샤브 반상(1인 정식),26000,False,True
06-25,223,이야기 한상 세트,89000,False,True
06-25,224,특상 우설 모듬(120g),36000,False,True
06-25,225,한우 생고기 모듬 A세트(120g),49000,False,True
06-25,226,진짜 사골 차돌소고기 라면,10000,False,True
06-25,227,한우 생고기 모듬 3인세트(360g),115000,False,True
06-25,228,한우 생고기 모듬 B세트(120g),47000,False,True
06-25,229,한우 등골 사시미 한판,25000,False,True
06-26,230,곤드레정식,23000,False,True
06-26,231,연잎정식,23000,False,True
06-26,232,연꽃정식,33000,False,True
06-26,233,너비아니,40000,False,True
06-26,234,육전,25000,False,True
06-27,235,차돌볶음과 된장찌개,15000,False,True
06-27,236,유자육회 비빔밥,14000,False,True
06-27,237,유자소고기 비빔밥,14000,False,True
06-27,238,한우국밥,11000,False,True
06-27,239,한우국수전골,13000,False,True
06-27,240,불고기전골,16000,False,True
06-27,241,한우샤브샤브,22000,False,True
06-27,242,한우 무쇠불고기정식,27000,False,True
06-27,243,1++ 한우 특안심,56000,False,True
06-27,244,1++ 한우 특등심,52000,False,True
06-27,245,1++ 한우 채끝등심,55000,False,True
06-27,246,1++ 한우 스페셜,55000,False,True
06-27,247,1++ 한우 우새우살,65000,False,True
06-27,248,1++ 한우 치마살,62000,False,True
06-27,249,1++ 한우 꽃갈비살,65000,False,True
06-27,250,1++ 한우 차돌관자 삼합,30000,False,True
06-27,251,1++ 한우 차돌박이,32000,False,True
06-27,252,한우육사시미,45000,False,True
06-27,253,한우육회,35000,False,True
06-28,254,갈비탕,10000,False,True
06-28,255,함흥냉면 (물),8000,False,True
06-28,256,함흥냉면 (비빔),8000,False,True
06-28,257,회냉면,10000,False,True
06-28,258,갈빗살&갈비찜모둠,29000,False,True
06-29,259,돼지국밥,10000,False,True
06-29,260,돼지국밥 (특),13000,False,True
06-29,261,평양물냉면,14500,False,True
06-29,262,평양비빔냉면,14500,False,True
06-29,263,손왕만두 한접시(6개),14000,False,True
06-29,264,손왕만두 반접시(3개),8000,False,True
06-30,265,평양물냉면,15000,False,True
06-30,266,평양비빔냉면,15000,False,True
06-30,267,접시만두 (6개),14000,False,True
06-30,268,편육 (소),29000,False,True
06-30,269,명품만두전골 (1인분),29000,False,True
06-31,270,아랫고기(삼겹),17500,False,True
06-31,271,윗고기(목등심),17500,False,True
06-31,272,특수부위 모듬(항정/ 가브리/삼겹),19500,False,True
06-31,273,생갈빗살,26000,False,True
06-31,274,한우등심불고기(2인이상주문가능),28000,False,True
06-31,275,비빔국수정식,8000,False,True
06-31,276,호박라면정식,8000,False,True
06-31,277,갈비탕,15000,False,True
06-31,278,뚝배기불고기정식,29000,False,True
06-32,279,도가니탕,17000,False,True
06-32,280,돌삼겹살(200g),17000,False,True
06-32,281,목살(200g),17000,False,True
06-32,282,항정살(200g),20000,False,True
06-32,283,도가니수육,45000,False,True
06-33,284,순대국밥,9000,False,True
06-33,285,순대국밥 (특),11000,False,True
06-33,286,순대정식,12000,False,True
06-33,287,술국,16000,False,True
06-33,288,찹쌀순대 (대),25000,False,True
06-33,289,찹쌀순대 (중),20000,False,True
06-35,290,삶;겹살 (150g),15000,False,True
06-35,291,인생목살 (150g),15000,False,True
06-35,292,두툼목살 (150g),16000,False,True
06-35,293,갈비살 (150g),15000,False,True
06-35,294,눈꽃살 (150g),15000,False,True
06-36,295,뜰사랑정식,15000,False,True
06-36,296,떡갈비,7000,False,True
06-36,297,제육볶음,8000,False,True
06-36,298,임연수조림,8000,False,True
06-36,299,두부조림,6000,False,True
06-37,300,비프 스테이크 크린커리,13000,False,True
06-38,301,한우특모듬 (150g),27000,False,True
06-38,302,한우국밥,10000,False,True
06-38,303,한우새우살 (150g),33000,False,True
06-38,304,한우꽃등심(150g),27000,False,True
06-38,305,한우살치살 (150g),30000,False,True
06-38,306,한우모듬(150g),21000,False,True
06-39,307,굴국밥,8000,False,True
06-39,308,굴비빔국수,9000,False,True
06-39,309,굴잔치국수,8000,False,True
06-39,310,들깨수제비,8000,False,True
06-39,311,매생이굴국밥,9000,False,True
06-39,312,물만두,5000,False,True
06-40,313,우아연남 구슬아이스크림 2가지맛,6500,False,True
06-40,314,우아연남 구슬아이스크림 4가지맛,9000,False,True
06-40,315,우아연남 구슬아이스크림 6가지맛,12000,False,True
06-40,316,스파클링 에이드,6500,False,True
06-40,317,1인 유기농 그릭요거트,7000,False,True
06-40,318,두바이초콜릿쿠키,6500,False,True
06-40,319,프리미엄 타바론 티 TEA,6000,False,True
06-40,320,바닐라라떼,6000,False,True
06-40,321,아메리카노,5000,False,True
06-40,322,말차라떼,6800,False,True
06-40,323,생딸기라떼,6800,False,True
06-40,324,초코라떼,6800,False,True
06-40,325,디카페인 콜드브루,6000,False,True
06-40,326,디카페인 콜드브루 라떼,6500,False,True
06-40,327,디카페인 콜드브루 바닐라라떼,6800,False,True
06-40,328,콜드브루,6000,False,True
06-40,329,콜드브루 라떼,6500,False,True
06-40,330,카페라떼,5500,False,True
06-40,331,티라미수,7800,False,True
06-40,332,바스크치즈케이크,8000,False,True
06-41,333,상황삼계탕,14000,False,True
06-41,334,한방삼계탕,16000,False,True
06-41,335,들깨삼계탕,16000,False,True
06-41,336,춘천닭갈비 (200g),13000,False,True
06-41,337,닭도리탕 (소),20000,False,True
06-42,338,아롱사태 명인 묵은지찜 반상,28000,False,True
06-42,339,봉우리 떡갈비 반상,33000,False,True
06-42,340,왕 갈치구이 반상,38000,False,True
06-42,341,반건조 민어구이 반상,45000,False,True
06-42,342,수원식 목살구이 반상,33000,False,True
06-42,343,시래기 갑오징어 볶음 반상,38000,False,True
06-43,344,부대찌개,10000,False,True
06-43,345,부대전골,11000,False,True
06-43,346,우삼겹부대전골 (2인),28000,False,True
06-43,347,우삼겹부대전골 (3인),39000,False,True
06-43,348,우삼겹부대전골 (4인),50000,False,True
06-43,349,등심부대전골 (2인),30000,False,True
06-44,350,한우곱창전골,0,False,True
06-44,351,양밥,14000,False,True
06-44,352,차돌볶음과 된장찌개,14000,False,True
06-44,353,특양구이,42000,False,True
06-44,354,대창구이,42000,False,True
06-44,355,한우모듬스페셜,50000,False,True
06-44,356,갈빗살,32000,False,True
06-45,357,홍칼보쌈 (중),33000,False,True
06-45,358,허니마늘보쌈 (중),36000,False,True
06-45,359,숯불불보쌈 (중),36000,False,True
06-45,360,홍칼족발,38000,False,True
06-45,361,허니마늘족발,41000,False,True
06-46,362,고반특수세트,82000,False,True
06-46,363,숙성 생목살,15000,False,True
06-46,364,돈치맛살(항정살),15000,False,True
06-46,365,등심덧살(가브리살),15000,False,True
06-46,366,돈안창(갈매기살),15000,False,True
06-47,367,소왕갈비,52000,False,True
06-47,368,송추갈비,39000,False,True
06-47,369,가마골갈비,45000,False,True
06-47,370,늘품구이,26000,False,True
06-47,371,한돈명품구이,27000,False,True
06-47,372,갈비탕,15000,False,True
06-48,373,(상)히쯔마부시,39000,False,True
06-48,374,(미니)히쯔마부시,25000,False,True
06-48,375,(특)히쯔마부시,53000,False,True
06-48,376,마루심 무지개 SET,55000,False,True
06-48,377,마루심 눈꽃 SET,55000,False,True
06-48,378,(상)우나동,39000,False,True
06-48,379,(특)우나동,53000,False,True
06-49,380,광어회,31000,False,True
06-49,381,광어회+서더리매운탕,36000,False,True
06-49,382,광어회+멍게,36000,False,True
06-49,383,도다리세꼬시,29000,False,True
06-49,384,연어회,29000,False,True
06-49,385,한우육회,23000,False,True
06-49,386,한우육회탕탕이,29000,False,True
06-49,387,문어숙회,29000,False,True
06-49,388,멍게,20000,False,True
06-49,389,산낙지,23000,False,True
06-49,390,안면도참소라(찜),30000,False,True
06-49,391,제주뿔소라(찜),30000,False,True
06-49,392,가리비(찜&구이),30000,False,True
06-49,393,백골뱅이(찜),30000,False,True
06-49,394,알마니알탕,20000,False,True
06-49,395,조개탕,20000,False,True
06-49,396,연포탕(산낙지탕),25000,False,True
06-49,397,수제새우튀김,18000,False,True
06-49,398,가자미구이,22000,False,True
06-49,399,박대구이,22000,False,True
06-50,400,장어구이,50000,False,True
06-50,401,장어정식,40000,False,True
06-50,402,장어탕,15000,False,True
06-50,403,돌솥장어덮밥,19000,False,True
06-51,404,일편닭심 플래터,33000,False,True
06-51,405,오리지날 후라이드,22000,False,True
06-51,406,옛날 돈까스,18000,False,True
06-51,407,닭다리살 바지락술찜,24000,False,True
06-51,408,깻잎 닭떡볶이,24000,False,True
06-51,409,소스 플레이트,0,False,True
06-52,410,가지솥밥,12000,False,True
06-52,411,소고기숙주솥밥,12000,False,True
06-52,412,스테이크솥밥,17000,False,True
06-52,413,전복솥밥,15000,False,True
06-52,414,매운가지 솥밥,14000,False,True
06-52,415,연어솥밥,17000,False,True
06-52,416,매운가지치즈솥밥,14000,False,True
06-52,417,연어사시미,15000,False,True
06-52,418,우삼겹스키야키,16000,False,True
06-53,419,오겹살,17000,False,True
06-53,420,꽃목살,17000,False,True
06-53,421,항정살,19000,False,True
06-53,422,한판세트,53000,False,True
06-54,423,숙성특안심,57000,False,True
06-54,424,우몽1인 편백찜 [Lunch],15000,False,True
06-54,425,숙성채끝등심,55000,False,True
06-54,426,숙성눈꽃등심,57000,False,True
06-54,427,새우알등심,67000,False,True
06-54,428,숙성살치살,64000,False,True
06-55,429,양념소갈비살,19000,False,True
06-55,430,왕갈비 (생/양념),28000,False,True
06-55,431,깍뚝꽃살,26000,False,True
06-55,432,투쁠한우육회,17000,False,True
06-55,433,치즈계란찜,6000,False,True
06-55,434,소고기된장찌개,6000,False,True
06-55,435,가락국수,7000,False,True
06-55,436,비빔국수,7000,False,True
06-55,437,국수김치말이국수,7000,False,True
06-55,438,물냉면,7000,False,True
06-55,439,소고기볶음밥,8000,False,True
06-55,440,차돌마라볶음밥,9000,False,True
06-56,441,특양구이,29000,False,True
06-56,442,한우소곱창,25000,False,True
06-56,443,한우대창,24000,False,True
06-56,444,소막창구이,24000,False,True
06-56,445,곱창전골 (중),45000,False,True
06-56,446,곱대창전골(대),65000,False,True
06-57,447,양갈비구이 (200g)(디너),27000,False,True
06-57,448,드림찌개 (디너),16000,False,True
06-57,449,한그릇야채구이 (디너),10000,False,True
06-57,450,양볶음밥 (디너),8000,False,True
06-57,451,계란찜 (디너),8000,False,True
06-58,452,소불고기전골[중],32000,False,True
06-58,453,창고스페셜,49000,False,True
06-58,454,창고43 특안심,63000,False,True
06-58,455,창고43 설화등심,67000,False,True
06-58,456,창고43 새우살,72000,False,True
06-58,457,한우명작모듬,199000,False,True
06-58,458,육회,34000,False,True
06-58,459,육사시미,39000,False,True
06-58,460,창고진한왕갈비탕,21000,False,True
06-58,461,매운갈비찜,23000,False,True
06-58,462,버섯순두부찌개,14000,False,True
06-58,463,한우궁중미역국,12000,False,True
06-58,464,유자육회비빔밥,16000,False,True
06-58,465,깍두기볶음밥,8000,False,True
06-58,466,창고43 도시락,40000,False,True
06-58,467,창고43 육포선물세트 1호,50000,False,True
06-58,468,창고43 육포선물세트 2호,100000,False,True
06-58,469,창고43 양념갈비 선물세트,250000,False,True
06-58,470,제비추리,63000,False,True
06-58,471,반달육전,23000,False,True
06-59,472,새싹열무 보리밥,7000,False,True
06-59,473,바지락칼국수,11000,False,True
06-59,474,콩국수,10000,False,True
06-60,475,해미조개전골,65000,False,True
06-60,476,해미편백찜,65000,False,True
06-60,477,해미모듬회大,75000,False,True
06-60,478,해미모듬회中,55000,False,True
06-60,479,가리비치즈구이,45000,False,True
06-60,480,키조개관자버터볶음,25000,False,True
06-61,481,판교돈모둠,52000,False,True
06-61,482,육즙목살,16000,False,True
06-61,483,꼬들목살,16000,False,True
06-61,484,숙성오겹,16000,False,True
06-61,485,등심덧살,16000,False,True
06-61,486,치마살,16000,False,True
06-61,487,쫀득살,16000,False,True
06-61,488,오돌갈비,16000,False,True
06-61,489,미나리볶음밥,5000,False,True
06-61,490,후식냉밀면,5000,False,True
06-61,491,된장찌개,3000,False,True
06-61,492,꽈리고추/버섯,2000,False,True
06-61,493,된장술밥,5000,False,True
06-61,494,해장라면,5000,False,True
06-61,495,알주먹밥,5000,False,True
06-61,496,계란찜,3000,False,True
06-62,497,해물칼국수,10000,False,True
06-62,498,해물만두전골,14000,False,True
06-62,499,찐만두,9000,False,True
06-62,500,만두팩 (25개),32000,False,True
06-62,501,만두팩 (12개),16500,False,True
06-62,502,콩국수 (여름),10000,False,True
06-63,503,수육 전골 (모둠) (중) (300g),35000,False,True
06-63,504,수육 무침 (모둠) (300g),35000,False,True
06-63,505,된장술국 (들깨),11000,False,True
06-63,506,칼칼한바지락탕,15000,False,True
06-63,507,칼칼한굴탕,15000,False,True
06-63,508,어리굴젓,8000,False,True
06-63,509,한돈김치찜,5000,False,True
06-63,510,옛날팥빙수,5000,False,True
06-64,511,곰탕 (보),15000,False,True
06-64,512,수육,50000,False,True
06-64,513,수육양무침,50000,False,True
06-64,514,양무침,25000,False,True
06-65,515,LUNCH. A코스,55000,False,True
06-65,516,LUNCH. B코스,75000,False,True
06-65,517,알등심(150g),55000,False,True
06-65,518,특안심(150g),58000,False,True
06-65,519,눈꽃등심(150g),58000,False,True
06-65,520,양념업진살(150g),61000,False,True
06-66,521,오리누룽지백숙,60000,False,True
06-66,522,닭누룽지백숙,50000,False,True
06-66,523,닭볶음탕,50000,False,True
06-66,524,쟁반막국수(중),15000,False,True
06-66,525,쟁반막국수(대),20000,False,True
06-66,526,닭곰탕,10000,False,True
06-66,527,닭칼국수,10000,False,True
06-66,528,도토리묵,15000,False,True
06-66,529,녹두전,15000,False,True
06-67,530,전복솥밥,17000,False,True
06-67,531,민물장어솥밥,25000,False,True
06-67,532,꼬막솥밥,14000,False,True
06-67,533,연어솥밥,17000,False,True
06-67,534,유린기,8500,False,True
06-67,535,솥솥샤브샤브,16000,False,True
06-67,536,도미관자솥밥,17000,False,True
06-67,537,스테이크솥밥,17000,False,True
06-67,538,돼지고사리솥밥,15000,False,True
06-67,539,갈치순살솥밥,17000,False,True
06-67,540,치즈닭갈비솥밥,14000,False,True
06-67,541,직접만든새우튀김,7900,False,True
06-68,542,통삼겹살,15000,False,True
06-68,543,통목살,15000,False,True
06-68,544,통갈매기살,16000,False,True
06-68,545,진짜껍데기 (180g),15000,False,True
06-69,546,백돼지 한판 (510g),44000,False,True
06-69,547,흑돼지한판 (510g),53000,False,True
06-69,548,돼지양념구이 정식,13000,False,True
06-69,549,제주가쌈밥 정식,12000,False,True
06-69,550,제육볶음 정식,11000,False,True
06-69,551,제육볶음,9000,False,True
06-70,552,[대표]일도씨 닭갈비(Original Dakgalbi),14000,False,True
06-70,553,[매력]'콩닭콩닭' 콩나물 닭갈비(Dakgalbi with Bean Sprouts),15000,False,True
06-70,554,[인기]치-치-치즈 닭갈비(Cheese Dakgalbi),17000,False,True
06-71,555,한우 꽃등심 참숯구이,43000,False,True
06-71,556,동충화초 암돼지 삼겹살 구이,16000,False,True
06-71,557,동충화초 암돼지 특목살 참숯구이,16000,False,True
06-71,558,돼지갈비(양념)참숯구이,16000,False,True
06-71,559,양푼이 김치찌개,9000,False,True
06-71,560,양푼이 동태찌개,10000,False,True
06-72,561,닭고기 초무침(한접시),18000,False,True
06-72,562,평양 물냉면,13000,False,True
06-72,563,평양 비빔냉면,13000,False,True
06-72,564,평양 온면,14000,False,True
06-72,565,불고기 전골(1인분),25000,False,True
06-73,566,닭칼국수,9000,False,True
06-73,567,얼큰닭칼국수,9000,False,True
06-73,568,매생이칼국수,9000,False,True
06-73,569,멸치칼국수,8000,False,True
06-73,570,감자만두,4000,False,True
06-74,571,양갈비 (250g),28000,False,True
06-74,572,양등심 (200g),29000,False,True
06-74,573,탕수육,22000,False,True
06-74,574,가지요리,20000,False,True
06-74,575,마파두부,17000,False,True
06-74,576,토마토계란볶음,17000,False,True
06-74,577,토마토계란탕,15000,False,True
06-74,578,볶음밥,7000,False,True
06-74,579,온면,7000,False,True
06-75,580,해산물 모듬,70000,False,True
06-75,581,낙지볶음 & 메밀면,50000,False,True
06-75,582,갑오징어 한마리숙회,50000,False,True
06-75,583,안주물회,50000,False,True
06-75,584,활어회무침,45000,False,True
06-75,585,생물까치복 한냄비,50000,False,True
06-75,586,백합탕 & 칼국수,35000,False,True
06-75,587,활도다리 매운탕,35000,False,True
06-75,588,멍게 얹은 모듬회 (소),80000,False,True
06-75,589,봄 도다리 새꼬시 (소),60000,False,True
06-75,590,도다리 회 (소),70000,False,True
06-75,591,도다리 반반세트 (도다리회+세꼬시) (중),80000,False,True
06-75,592,광어회 (소),70000,False,True
06-75,593,멍게샐러드,15000,False,True
06-76,594,광어(중),35000,False,True
06-76,595,우럭(중),35000,False,True
06-76,596,막회(소),35000,False,True
06-76,597,시사모구이,10000,False,True
06-76,598,꽃게라면(2인분),15000,False,True
06-77,599,생차돌박이(130g),29000,False,True
06-77,600,등심로스구이(130g),49000,False,True
06-77,601,특상 꽃등심(150g),59000,False,True
06-77,602,특안심(150g),59000,False,True
06-77,603,안창살(150g),69000,False,True
06-77,604,한우생갈비(200g),66000,False,True
06-77,605,한우갈비(양념),55000,False,True
06-77,606,LA갈비(250g),29000,False,True
06-77,607,서울식 불고기(150g),36000,False,True
06-77,608,갈비탕,16000,False,True
06-77,609,내장탕,13000,False,True
06-77,610,평양냉면,14000,False,True
06-77,611,비빔냉면,14000,False,True
06-77,612,육회비빔밥,13000,False,True
06-77,613,소고기 된장찌개,12000,False,True
06-77,614,일반 된장찌개,10000,False,True
06-77,615,후식냉면(물/비빔),10000,False,True
06-77,616,한우채끝육전(소),20000,False,True
06-77,617,한우육회,25000,False,True
06-77,618,한우파김치전골,55000,False,True
06-78,619,와인콜키지 FREE,0,False,True
06-78,620,초심한우 1++ 채끝등심 (100g),34000,False,True
06-78,621,초심한우 통토시살 (100g),39000,False,True
06-78,622,초심한우 1++ 통치마살 (100g),35000,False,True
06-78,623,초심한우 1++ 새우살 (100g),49000,False,True
06-78,624,초심한우 1++ 통제비추리 (100g),32000,False,True
06-78,625,초심한우 1++ 안심 (100g),30000,False,True
06-79,626,프리미엄 프랜치 랙,32000,False,True
06-79,627,양갈비,27000,False,True
06-79,628,양등심,22000,False,True
06-79,629,양갈비살,24000,False,True
06-79,630,마늘밥,4000,False,True
06-79,631,명란구이,5000,False,True
06-80,632,전복물회,20000,False,True
06-80,633,회 정식 런치(2인),70000,False,True
06-80,634,물회,13000,False,True
06-80,635,회덮밥,12000,False,True
06-80,636,회 정식 디너(2인),80000,False,True
06-80,637,도미 (1인),40000,False,True
06-80,638,특 대방어(1인),45000,False,True
06-80,639,우럭(1인),30000,False,True
06-80,640,특정식 A (2인),130000,False,True
06-80,641,특정식 B (2인),180000,False,True
06-80,642,대방어 (1인),35000,False,True
06-80,643,낙지덮밥(2인),26000,False,True
06-80,644,연포탕(2인),44000,False,True
06-80,645,산낙탕탕이(1접시),35000,False,True
06-81,646,모듬세트 A,68000,False,True
06-81,647,모듬세트 B,71000,False,True
06-81,648,4인세트,61000,False,True
06-81,649,3인세트,41000,False,True
06-81,650,2인세트,36000,False,True
06-81,651,점심특선 (2인),20000,False,True
06-82,652,연인만찬,65000,False,True
06-83,653,밀복국,20000,False,True
06-83,654,참복국,25000,False,True
06-83,655,활참복국,45000,False,True
06-83,656,복순살튀김,20000,False,True
06-83,657,복껍질무침,15000,False,True
06-84,658,양평해장국(보통),9500,False,True
06-84,659,버섯해장국,9500,False,True
06-84,660,삼계탕,15000,False,True
06-84,661,수육,20000,False,True
06-84,662,홍어,30000,False,True
06-84,663,술국(보통),18000,False,True
06-84,664,술국(특),20000,False,True
06-84,665,굴전,14000,False,True
06-84,666,파전,14000,False,True
06-84,667,감자탕(중),40000,False,True
06-84,668,감자탕(대),50000,False,True
06-84,669,옛날불고기,15000,False,True
06-84,670,냉면,8000,False,True
06-84,671,후라이드치킨,18000,False,True
06-84,672,내장탕(보통),10500,False,True
06-84,673,내장탕(특),12000,False,True
06-84,674,콩나물해장국,8500,False,True
06-84,675,뚝감,9500,False,True
06-84,676,계란말이,5000,False,True
06-85,677,돼지.고등어 묵은지찜 (4인,36000,False,True
06-85,678,돼지.고등어 묵은지찜 (3인,27000,False,True
06-85,679,돼지.고등어 묵은지찜 (2인),20000,False,True
06-85,680,부대전골 (1인분),9000,False,True
06-85,681,솥뚜껑 오겹살 (180g),15000,False,True
06-86,682,감성쪽갈비 (350g),18000,False,True
06-86,683,매운쪽갈비 (350g),18000,False,True
06-86,684,폭탄주먹밥,9000,False,True
06-86,685,감성껍데기,8000,False,True
06-86,686,홍합라면,9000,False,True
06-87,687,안동한우 갈비살(300g),83000,False,True
06-87,688,안동한우 곱창(300g),59000,False,True
06-87,689,한돈급냉삼겹살(180g),17000,False,True
06-87,690,곱창전골(중),35000,False,True
06-87,691,차돌된장찌개,10000,False,True
06-87,692,안동한우국밥,12000,False,True
06-87,693,한우무우국,12000,False,True
06-87,694,내장탕,13000,False,True
06-87,695,육회비빔밥,13000,False,True
06-87,696,영천육회(중),30000,False,True
06-87,697,영천육회(대),45000,False,True
06-87,698,곱창전골(대),45000,False,True
06-87,699,흑돼지쫄목살(180g),16000,False,True
06-88,700,월남쌈 닭갈비,18000,False,True
06-88,701,원조 전통닭갈비,14000,False,True
06-88,702,신세계 닭갈비,18000,False,True
06-88,703,모짜렐라치즈 닭갈비,18000,False,True
06-88,704,낙지 닭갈비,19000,False,True
06-88,705,매운 닭갈비,15000,False,True
06-89,706,전통갈비탕,14000,False,True
06-89,707,한우육회비빔밥,12000,False,True
06-89,708,목삼겹김치찌개,8000,False,True
06-89,709,한우된장찌개,8000,False,True
06-89,710,한우꽃등심 정식(2인이상),28000,False,True
06-89,711,오겹살정식(2인이상),17000,False,True
06-89,712,제육볶음(2인이상),10000,False,True
06-89,713,육개장,10000,False,True
06-89,714,육쌈냉면,10000,False,True
06-89,715,물냉면,7000,False,True
06-89,716,비빔냉면,7000,False,True
06-89,717,한우스페셜(600g),135000,False,True
06-89,718,한돈스페셜(600g),65000,False,True
06-89,719,됐소모듬(600g),98000,False,True
06-89,720,항정살(150g),21000,False,True
06-89,721,삼겹살(150g),16000,False,True
06-89,722,목살(150g),16000,False,True
06-89,723,오겹살(150g),17000,False,True
06-89,724,꽃등심(150g),37000,False,True
06-89,725,투뿔등심(150g),43000,False,True
06-90,726,잔치국수,6000,False,True
06-90,727,비빔국수,9000,False,True
06-90,728,매운비빔국수,7500,False,True
06-90,729,간장비빔국수,7500,False,True
06-90,730,황태비빔국수,8000,False,True
06-90,731,골뱅이비빔국수,12000,False,True
06-92,732,무안뻘 산낙지(1마리),20000,False,True
06-92,733,낙지찜,59000,False,True
06-92,734,동해안 피문어 보양탕(소),89000,False,True
06-92,735,동해안 문어숙회(소),70000,False,True
06-92,736,낙지비빔밥(1인),11000,False,True
06-93,737,반마리 히츠마부시,16000,False,True
06-93,738,부타동,16000,False,True
06-93,739,사케동,16000,False,True
06-93,740,테이쇼쿠,25000,False,True
06-93,741,가바야끼,19000,False,True
06-93,742,연어 사시미 (12p),11000,False,True
06-94,743,삼겹살(180g),14000,False,True
06-94,744,가브리살(180g),14000,False,True
06-94,745,항정살(130g),14000,False,True
06-94,746,한우국밥,9000,False,True
06-94,747,두루치기,9000,False,True
06-95,748,조개찜or가리비찜 (소),45000,False,True
06-95,749,전복샤브,15000,False,True
06-95,750,산낙지샤브,15000,False,True
06-95,751,쭈꾸미샤브,15000,False,True
06-95,752,석화찜 (소)(겨울메뉴),45000,False,True
06-95,753,찌마기물회 (여름메뉴),30000,False,True
06-95,754,냉면(물/비) (여름메뉴),8000,False,True
06-95,755,해산물냉면(물/비) (여름메뉴),12000,False,True
06-96,756,꼬막비빔밥,13000,False,True
06-96,757,꼬막해물강된장비빔밥,13000,False,True
06-96,758,연어덮밥(아보카도),16000,False,True
06-96,759,회덮밥,16000,False,True
06-96,760,광어물회,18000,False,True
06-96,761,돌솥쭈꾸미덮밥,18000,False,True
06-96,762,전복버섯돌솥밥,20000,False,True
06-96,763,돌솥굴밥,18000,False,True
06-96,764,세꼬시,35000,False,True
06-96,765,새우아보카도샐러드,25000,False,True
06-96,766,오징어튀김,25000,False,True
06-96,767,꼬막무침,28000,False,True
06-96,768,모듬회무침,35000,False,True
06-96,769,고등어구이,13000,False,True
06-96,770,가자미구이,13000,False,True
06-96,771,삼치구이,20000,False,True
06-96,772,메로구이,28000,False,True
06-96,773,모듬구이,35000,False,True
06-96,774,동태알탕,16000,False,True
06-96,775,대구매운탕,18000,False,True
06-96,776,조개미역국,13000,False,True
06-97,777,특안심,55000,False,True
06-97,778,숙성채끝등심,52000,False,True
06-97,779,숙성눈꽃등심,56000,False,True
06-97,780,새우등심(LIMITED),65000,False,True
06-97,781,숙성 살치살,62000,False,True
06-97,782,한와담 스페셜,175000,False,True
06-97,783,차돌볶음+된장찌개(런치한정),13000,False,True
06-97,784,한와담 냉면(물/비빔),10000,False,True
06-97,785,차돌깍두기 볶음밥(2인),15000,False,True
06-97,786,구워먹는 임실치즈,10000,False,True
06-97,787,스페셜 육회,35000,False,True
06-97,788,육사시미,39000,False,True
06-97,789,꽃등심된장죽,12000,False,True
06-98,790,해산물모듬,45000,False,True
06-98,791,전복회,22000,False,True
06-98,792,산낙지,20000,False,True
06-98,793,모듬조개찜(중),39000,False,True
06-98,794,모듬사시미(2인),48000,False,True
06-98,795,황제물회(소),32000,False,True
06-99,796,돼지갈비(250g),18000,False,True
06-99,797,양념껍데기(200g),10000,False,True
06-99,798,생삼겹살(180g),18000,False,True
06-99,799,갈비탕,13000,False,True
06-99,800,와규꽃등심(150g),33000,False,True
06-99,801,한우불고기,26000,False,True
06-100,802,우삼겹스키야키,16000,False,True
06-100,803,가지솥밥,12000,False,True
06-100,804,스테이크솥밥,17000,False,True
06-100,805,연어솥밥,17000,False,True
06-100,806,장어솥밥,20000,False,True
06-100,807,전복솥밥,15000,False,True
06-100,808,연어사시미,15000,False,True
06-100,809,소고기숙주솥밥,13000,False,True
06-100,810,매운가지치즈솥밥,14000,False,True
06-100,811,마늘쫑솥밥,12000,False,True
06-100,812,매운가지솥밥,12000,False,True
06-100,813,가지새우튀김,5000,False,True
06-100,814,통새우튀김,7000,False,True
06-100,815,꽈리고추두부솥밥,12000,False,True
06-101,816,보통순댓국,10000,False,True
06-101,817,얼큰순댓국,11000,False,True
06-101,818,소고기순댓국,11000,False,True
06-101,819,순대한접시,8000,False,True
06-101,820,고기한접시,8000,False,True
06-101,821,간단한접시,12000,False,True
06-102,822,와규업진살,18800,False,True
06-102,823,와규도시살,18800,False,True
06-102,824,와규동심,28800,False,True
06-102,825,와규 늑간살,18800,False,True
06-102,826,와규치마살,19800,False,True
06-102,827,와규꽃갈비살,28800,False,True
06-102,828,와규육회,15000,False,True
06-102,829,와규동,8500,False,True
06-102,830,백짬뽕,9500,False,True
06-102,831,모츠나베,34000,False,True
06-102,832,흐르몬 라멘,9500,False,True
06-103,833,문어보쌈,45000,False,True
06-103,834,보쌈,35000,False,True
06-103,835,칼국수,6000,False,True
06-104,836,수감자탕 (대),42000,False,True
06-104,837,수감자탕 (중),37000,False,True
06-104,838,수감자탕 (소),30000,False,True
06-104,839,순대곱창볶음 (대),39000,False,True
06-104,840,순대곱창볶음 (중),34000,False,True
06-104,841,순대곱창볶음 (소),29000,False,True
06-106,842,흑오겹 (180g),23000,False,True
06-106,843,흑목살 (180g),23000,False,True
06-106,844,흑항정 (150g),25000,False,True
06-106,845,흑덧살 (150g),25000,False,True
06-106,846,흑갈살 (150g),25000,False,True
06-106,847,제주메밀면 냉면,13000,False,True
06-106,848,제주메밀면 비빔,13000,False,True
06-106,849,제주메밀면 들기름비빔,13000,False,True
06-106,850,통감자 된장찌개,8000,False,True
06-106,851,고사리 화두부,13000,False,True
06-107,852,제주흑돼지근고기(600g),69000,False,True
06-107,853,제주흑돼지꽃목살(180g),20000,False,True
06-107,854,제주흑돼지오겹살(180g),22000,False,True
06-107,855,돈마호크(1대),49000,False,True
06-107,856,우대갈비(500g),69000,False,True
06-107,857,제주코스(1인),59000,False,True
06-107,858,모듬사시미(소),49000,False,True
06-107,859,한우육회,29000,False,True
06-107,860,한치물회,49000,False,True
06-107,861,전복회(소),35000,False,True
06-107,862,해물라면,35000,False,True
06-107,863,쭈꾸미볶음,35000,False,True
06-107,864,국물떡볶이,19000,False,True
06-108,865,징기스칸 양갈비,27000,False,True
06-108,866,징기스칸 프렌치렉,29000,False,True
06-108,867,징기스칸 양고기,25000,False,True
06-108,868,오뎅탕,16000,False,True
06-110,869,돼지무한,12900,False,True
06-110,870,소 무한,19900,False,True
06-110,871,소곱창 무한,21900,False,True
06-112,872,급냉 삼겹살 150g,15000,False,True
06-112,873,한방 벌집껍데기,10000,False,True
06-112,874,양푼이 쫄면,8000,False,True
06-112,875,해물순두부찌개,8000,False,True
06-112,876,차돌된장찌개,8000,False,True
06-112,877,차돌된장술밥,9000,False,True
06-112,878,모듬야채구이,3000,False,True
06-112,879,[점심특선] 순두부찌개 제육정식,10000,False,True
06-112,880,[점심특선] 된장찌개 제육정식,10000,False,True
06-112,881,[점심특선] 김치찌개 제육정식,10000,False,True
06-112,882,급냉목살 150g,15000,False,True
06-112,883,눈꽃항정 150g,20000,False,True
06-112,884,대구소막창,21000,False,True
06-112,885,볶음밥,3000,False,True
06-112,886,계란후라이,1000,False,True
06-113,887,생삼겹살 200g,18000,False,True
06-113,888,생오겹살 200g,18000,False,True
06-113,889,목살 200g,18000,False,True
06-113,890,통갈매기살 150g,18000,False,True
06-113,891,항정살 150g,21000,False,True
06-113,892,돼지왕갈비 300g,18000,False,True
06-114,893,뚝배기김치찌개,9000,False,True
06-114,894,알탕,10000,False,True
06-114,895,뚝배기동태탕,11000,False,True
06-114,896,오목불고기,18000,False,True
06-114,897,오징어숙회 (1마리),9000,False,True
06-114,898,계란말이,8000,False,True
06-114,899,양푼돼지김치찌개 (2인분),18000,False,True
06-114,900,양푼동태탕 (2인분),22000,False,True
06-114,901,닭한마리김치찌개,33000,False,True
06-114,902,닭볶음탕,33000,False,True
06-114,903,매운갈비찜 (1인분),14000,False,True
06-115,904,꽃갈비살 (150g),27000,False,True
06-115,905,양갈비 (200g),30000,False,True
06-115,906,양등심 (180g),33000,False,True
06-115,907,베이비 프렌치렉 (200g),37000,False,True
06-115,908,눈꽃 특선 (180g),38000,False,True
06-115,909,특선안심(110g),39000,False,True
06-115,910,오마카세모듬한판(650g),110000,False,True
06-115,911,쿠시야끼3종세트(점심),15000,False,True
06-115,912,양육점미소라멘(점심),12000,False,True
06-115,913,양육점스프카레(점심),15000,False,True
06-115,914,양육점오뎅탕(점심),25000,False,True
06-116,915,냉콩국수,10000,False,True
06-116,916,닭한마리칼국수(2인),28000,False,True
06-116,917,한방반계탕,10000,False,True
06-116,918,멸치칼국수,9000,False,True
06-116,919,고기왕만두,5000,False,True
06-120,920,부자꼬리찜(중),42000,False,True
06-120,921,꼬리곰탕,18000,False,True
06-120,922,설렁탕,9000,False,True
06-120,923,뚝배기불고기,9000,False,True
06-120,924,얼큰사골순두부,9000,False,True
06-120,925,들깨사골순두부,9000,False,True
06-121,926,원조장충왕족발(중),34000,False,True
06-121,927,매운왕족발(중),36000,False,True
06-121,928,원조보쌈(중),30000,False,True
06-121,929,족발보쌈세트(중),47000,False,True
06-121,930,냉채족발,38000,False,True
06-123,931,급냉삼겹살(170g),14000,False,True
06-123,932,차돌박이(150g),14000,False,True
06-123,933,영천육회(중),31000,False,True
06-123,934,영천육회(대),40000,False,True
06-123,935,안동한우곱창(150g),25000,False,True
06-123,936,곱창전골(중),33000,False,True
06-123,937,곱창전골(대),43000,False,True
06-124,938,불향낙지더덕볶음,12000,False,True
06-124,939,낙지(볶음)덮밥,10000,False,True
06-124,940,갑오징어 덮밥,10000,False,True
06-125,941,생 갈비살 (400g),39000,False,True
06-125,942,양념갈비살 (400g),39000,False,True
06-125,943,마늘양념갈비살 (400g),39900,False,True
06-126,944,1인코스메뉴,25000,False,True
06-126,945,3가지 골라먹기 (소),70000,False,True
06-126,946,해산물모듬 (소),55000,False,True
06-126,947,제철회(소),55000,False,True
06-126,948,매운탕(소),55000,False,True
06-126,949,지리탕(소),55000,False,True
06-127,950,육개장,9000,False,True
06-127,951,육개장쌀국수,10000,False,True
06-127,952,육전,20000,False,True
06-127,953,육육세트,15000,False,True
06-128,954,골동반 나물 비빔밥,10000,False,True
06-128,955,열무 강된장 보리밥,10000,False,True
06-128,956,북엇국밥,9000,False,True
06-128,957,동치미 김치말이국수,10000,False,True
06-128,958,수제평양 만둣국,12000,False,True
06-129,959,모듬구이,25000,False,True
06-129,960,곱창구이(200g),24000,False,True
06-129,961,대창구이(200g),24000,False,True
06-129,962,막창구이(200g),24000,False,True
06-129,963,특양구이(200g),30000,False,True
06-129,964,한우내장전골,27000,False,True
06-130,965,콩나물국밥,8000,False,True
06-130,966,황태콩나물국밥,9000,False,True
06-130,967,오징어콩나물국밥,9000,False,True
06-130,968,모듬순대국밥,9000,False,True
06-130,969,한우소머리국밥,10000,False,True
06-131,970,고대생막창,17000,False,True
06-131,971,야채곱창볶음,17000,False,True
06-131,972,순대곱창볶음,17000,False,True
06-131,973,닭갈비,17000,False,True
06-131,974,소막창,20000,False,True
06-132,975,동해안참문어 해우탕 (커플2인),75000,False,True
06-132,976,동해안참문어 해천탕 (커플2인),65000,False,True
06-132,977,낙지 해신탕 (소),60000,False,True
06-132,978,낙지 해우탕 (소),70000,False,True
06-132,979,문어연포탕 (소),70000,False,True
06-132,980,해물뚝배기,13000,False,True
06-133,981,산꼼장어(250g),20000,False,True
06-133,982,양념꼼장어(250g),15000,False,True
06-133,983,뼈없는 닭발(200g),15000,False,True
06-133,984,돼지곱창구이(200g),15000,False,True
06-133,985,갈매기살(200g),12000,False,True
06-133,986,닭똥집(200g),12000,False,True
06-133,987,돼지껍데기(200g),10000,False,True
06-133,988,오돌갈비(200g),15000,False,True
06-134,989,육즙목살(180g),13000,False,True
06-134,990,쫀득살(180g),13000,False,True
06-134,991,숙성삼겹(180g),13000,False,True
06-134,992,부안오득살(150g),10000,False,True
06-134,993,쫄깃껍데기(150g),8000,False,True
06-136,994,수육 (소),25000,False,True
06-136,995,갓수육 (소),30000,False,True
06-136,996,국밥,9500,False,True
06-136,997,맛보기 수육 (점심한정),12000,False,True
06-138,998,쭈꾸미볶음,10000,False,True
06-138,999,제육볶음,10000,False,True
06-138,1000,동태매운탕(2인이상),10000,False,True
06-138,1001,동태지리탕(2인이상),10000,False,True
06-138,1002,검은콩국수(하절기),9000,False,True
06-138,1003,쭈꾸미삼겹살,13000,False,True
06-139,1004,문어보쌈(대),89800,False,True
06-139,1005,문어보쌈 (중),54800,False,True
06-139,1006,비빔 막국수,9800,False,True
06-139,1007,들기름 막국수,9800,False,True
06-139,1008,물 막국수,9800,False,True
06-139,1009,문어숙회(소),34800,False,True
06-139,1010,문어숙회(중),59800,False,True
06-139,1011,맛보기 수육,14800,False,True
06-139,1012,왕교자 찐만두,6800,False,True
06-139,1013,간장수육덮밥,9800,False,True
06-139,1014,해물부추전,24800,False,True
06-140,1015,남해코스 1인,35000,False,True
06-140,1016,자연산 바다장어 소금구이 (1인),32000,False,True
06-140,1017,민물장어 소금구이 (1인),34000,False,True
06-140,1018,전복장어탕,13000,False,True
06-140,1019,전복구이 (8미),30000,False,True
06-141,1020,급랭삼겹살,12000,False,True
06-141,1021,생꽃목살,16000,False,True
06-141,1022,벌집껍데기,9000,False,True
06-141,1023,차돌박이,17000,False,True
06-141,1024,김치찌개,8000,False,True
06-141,1025,누룽지,7000,False,True
06-141,1026,볶음밥,3000,False,True
06-141,1027,치즈계란찜,3000,False,True
06-142,1028,만두(5개),8500,False,True
06-142,1029,칼국수,9000,False,True
06-142,1030,수제비,9500,False,True
06-142,1031,김치 칼국수,9500,False,True
06-142,1032,김치 수제비,10000,False,True
06-143,1033,한우곰탕,14000,False,True
06-143,1034,보양곰탕,28000,False,True
06-143,1035,육회비빔밥,18000,False,True
06-143,1036,한우물회,18000,False,True
06-143,1037,낙지덮밥(1인),18000,False,True
06-143,1038,낙곱새볶음(1인),19000,False,True
06-143,1039,한우수육전골(2인),48000,False,True
06-143,1040,낙지수육전골(2인),58000,False,True
06-143,1041,보양모듬전골(2인),76000,False,True
06-143,1042,낙지볶음,38000,False,True
06-143,1043,부추스지볶음,30000,False,True
06-143,1044,부추대창볶음,35000,False,True
06-143,1045,부추모듬볶음,48000,False,True
06-143,1046,한우육회,32000,False,True
06-143,1047,육사시미(반접시),19000,False,True
06-143,1048,낙지탕탕이,35000,False,True
06-143,1049,곁들임한우물회,30000,False,True
06-143,1050,날치알낙지소무침,35000,False,True
06-143,1051,미나리육전,25000,False,True
06-143,1052,해물낙지파전,30000,False,True
06-143,1053,낙지만두,10000,False,True
06-145,1054,광양불고기(180g),23000,False,True
06-145,1055,양념갈비(250g),33000,False,True
06-145,1056,갈비살(180g),20000,False,True
06-145,1057,토시살(180g),18000,False,True
06-145,1058,숙성생등심(150g),48000,False,True
06-145,1059,숙성안심(150g),52000,False,True
06-146,1060,고추군만두튀김한접시,6500,False,True
06-146,1061,김치전맛보기,6000,False,True
06-146,1062,순대모둠한접시,10000,False,True
06-146,1063,한돈편육한접시,11000,False,True
06-146,1064,부산땡초어묵한접시,9000,False,True
06-146,1065,부산전통어묵맛보기,4500,False,True
06-147,1066,맵콩우삼겹(1인),10000,False,True
06-147,1067,우삼겹 쭈꾸미볶음(1인),12000,False,True
06-147,1068,옛날 삼겹살(1인),9000,False,True
06-147,1069,고추장불백(1인),9000,False,True
06-147,1070,간장불백(1인),9000,False,True
06-147,1071,쭈꾸미삼겹살(1인),11000,False,True
06-148,1072,순대국 (순대만),11000,False,True
06-148,1073,순대국 (고기만),11000,False,True
06-148,1074,인삼순대국,11000,False,True
06-148,1075,술국,15000,False,True
06-148,1076,찹쌀순대 (소),8000,False,True
06-148,1077,찹쌀순대 (대),16000,False,True
06-149,1078,족발 앞발 (3인),47000,False,True
06-149,1079,족발 뒷발,42000,False,True
06-149,1080,불족발,47000,False,True
06-149,1081,마늘 족발,27000,False,True
06-149,1082,반반 족발,47000,False,True
06-149,1083,냉채 족발,42000,False,True
06-149,1084,보쌈 (소),32000,False,True
06-150,1085,자연산막회(소),38000,False,True
06-150,1086,자연산막회(대),50000,False,True
06-150,1087,딱새우회(제주),35000,False,True
06-150,1088,단새우회(고성),30000,False,True
06-150,1089,모듬새우회,30000,False,True
06-150,1090,안주물회,45000,False,True
06-150,1091,전복회,23000,False,True
06-150,1092,산낙지,23000,False,True
06-150,1093,돌멍게(통영),35000,False,True
06-150,1094,해삼,23000,False,True
06-150,1095,멍게,20000,False,True
06-150,1096,개불,25000,False,True
06-150,1097,석화,25000,False,True
06-150,1098,포항과메기,35000,False,True
06-150,1099,해산물모듬,55000,False,True
06-150,1100,성게알,38000,False,True
06-150,1101,통우럭매운탕,30000,False,True
06-150,1102,산낙지연포탕,40000,False,True
06-150,1103,조개탕,25000,False,True
06-150,1104,활어회덮밥,15000,False,True
06-151,1105,삼계탕,15000,False,True
06-151,1106,하림찜닭(소-순한맛),33000,False,True
06-151,1107,하림닭국수(순한맛-런치),12000,False,True
06-151,1108,뚝배기닭볶이(런치),13000,False,True
06-151,1109,닭갈비볶음정식(런치-2인이상/인당),13000,False,True
06-151,1110,닭볶음탕(소),33000,False,True
06-151,1111,닭매운탕(소),34000,False,True
06-152,1112,열무냉면,8000,False,True
06-152,1113,우도냉면,8000,False,True
06-152,1114,고사리소고기해장국,10000,False,True
06-152,1115,제주산 뚝배기 제육+비빔밥,9000,False,True
06-152,1116,뚝배기 불고기+비빔밥,9000,False,True
06-152,1117,제주 돗 김치찌개+비빔밥,9000,False,True
06-152,1118,제주 돗 순두부+비빔밥,9000,False,True
06-152,1119,제주 숯불 흑돼지삼겹살(160g),20000,False,True
06-152,1120,꽃치마살(160g),17000,False,True
06-152,1121,관자살(160g),16000,False,True
06-152,1122,통벌집껍데기(160g),11000,False,True
06-152,1123,제주산 제육철판볶음밥,10000,False,True
06-152,1124,비빔칼제비,8000,False,True
06-152,1125,순두부,9000,False,True
06-152,1126,LA갈비(250g),25000,False,True
06-152,1127,꼬들덜미살(160g),17000,False,True
06-152,1128,뽈살(160g),16000,False,True
06-152,1129,희귀한 뼈살(160g),16000,False,True
06-152,1130,앞다리살(160g),16000,False,True
06-153,1131,밥과 새알이 같이 들어간 팥죽,13000,False,True
06-153,1132,고기장칼국수,12000,False,True
06-153,1133,클래식팥빙수,14000,False,True
06-153,1134,콩국수,13000,False,True
06-153,1135,팥칼국수,13000,False,True
06-154,1136,감자탕(소),19000,False,True
06-154,1137,감자탕(중),25000,False,True
06-154,1138,감자탕(대),31000,False,True
06-154,1139,감자탕백반,8000,False,True
06-154,1140,볶음밥,2000,False,True
06-155,1141,서대회무침정식,18000,False,True
06-155,1142,행복가정식(2인이상),29000,False,True
06-155,1143,굴국밥,11000,False,True
06-155,1144,얼큰굴국밥,12000,False,True
06-155,1145,매생이굴국밥,12000,False,True
06-155,1146,굴떡국/떡만두국/만두국,10000,False,True
06-156,1147,마늘 닭도리탕(3인),39000,False,True
06-156,1148,볶음밥,3000,False,True
06-156,1149,마늘 닭도리탕(2인),27000,False,True
06-156,1150,마늘 닭도리탕(4인),51000,False,True
06-156,1151,라면,3000,False,True
06-158,1152,멸치국수,5000,False,True
06-158,1153,비빔국수,6000,False,True
06-158,1154,김치 칼제비,7500,False,True
06-158,1155,멸치 주먹밥,2500,False,True
06-158,1156,칼제비,7500,False,True
06-158,1157,제육 덮밥,8000,False,True
06-158,1158,콩국수(여름 메뉴),8000,False,True
06-158,1159,공기밥,1000,False,True
06-158,1160,육수,5000,False,True
06-158,1161,열무 냉국수(여름 메뉴),7500,False,True
06-158,1162,음료수(콜라 또는 사이다) 355ml,2000,False,True
06-158,1163,스팸 주먹밥,2500,False,True
06-159,1164,골뱅이찜(소),37000,False,True
06-159,1165,골뱅이무침,28000,False,True
06-159,1166,낙지숙회,48000,False,True
06-159,1167,참멍게,25000,False,True
06-159,1168,문어볶음,28000,False,True
06-159,1169,골뱅이 맑은탕,37000,False,True
06-161,1170,본가해장국,11000,False,True
06-161,1171,소뼈우거지해장국,13000,False,True
06-161,1172,장수내장탕,13000,False,True
06-161,1173,장수파육탕,11000,False,True
06-161,1174,장수우곱탕,12000,False,True
06-161,1175,소불고기뚝배기,11000,False,True
06-161,1176,차돌박이순두부(얼큰),10000,False,True
06-161,1177,황태콩나물해장국,8000,False,True
06-161,1178,얼큰소뼈우거지전골(중),39000,False,True
06-161,1179,소곱창전골(중),39000,False,True
06-161,1180,소내장전골(중),39000,False,True
06-161,1181,모밀막국수(보통)(계절메뉴),9000,False,True
06-163,1182,흑마늘갈비탕,11000,False,True
06-163,1183,전복갈비탕,15000,False,True
06-163,1184,우거지갈비탕,9000,False,True
06-163,1185,흑마늘삼계탕,15000,False,True
06-163,1186,전복삼계탕,18000,False,True
06-163,1187,한우 투뿔 꽃등심 (150g),39000,False,True
06-163,1188,한우 육회 (250g),30000,False,True
06-163,1189,소생왕갈비 (1대),34000,False,True
06-165,1190,프리미엄 프렌치 (150g),40000,False,True
06-165,1191,스페셜 양등심 (180g),33000,False,True
06-165,1192,양갈비 (220g),33000,False,True
06-165,1193,양등심 (180g),33000,False,True
06-165,1194,갈비살 (180g),33000,False,True
06-165,1195,프랜치렉,40000,False,True
06-165,1196,양육개장,22000,False,True
06-165,1197,마늘밥,4000,False,True
06-165,1198,양곰탕,20000,False,True
06-165,1199,점심곰탕,12000,False,True
06-165,1200,점심 육개장,12000,False,True
06-165,1201,점심특선수제어묵우동,12000,False,True
06-165,1202,계란탕,19000,False,True
06-166,1203,부대찌개(최소2인),0,False,True
06-166,1204,김치찌개 (최소2인),0,False,True
06-166,1205,생 삼겹살,0,False,True
06-167,1206,우세트(610g),107000,False,True
06-167,1207,상세트(480g),79000,False,True
06-167,1208,가닥갈비(150g),18000,False,True
06-167,1209,참진살(130g),34000,False,True
06-167,1210,안창살(130g),29000,False,True
06-167,1211,LA진갈비(200g),27000,False,True
06-167,1212,양념가닥갈비(180g),19000,False,True
06-167,1213,고추장아찌메밀파스타,10000,False,True
06-167,1214,냉이된장찌개,9000,False,True
06-167,1215,레몬소바,9000,False,True
06-167,1216,노른자간장밥,3000,False,True
06-167,1217,그릴드치즈비프샌드위치,8000,False,True
06-168,1218,얼큰순대국,11000,False,True
06-168,1219,얼큰수육국밥,11000,False,True
06-168,1220,얼큰내장국밥,11000,False,True
06-168,1221,황태해장국,10000,False,True
06-168,1222,순대국,10000,False,True
06-168,1223,수육국밥,10000,False,True
06-168,1224,시래기순대국,10000,False,True
06-168,1225,추억의함박,9000,False,True
06-168,1226,오징어순대,20000,False,True
06-168,1227,편육,15000,False,True
06-168,1228,미니족발,12000,False,True
06-168,1229,미니불족,14000,False,True
06-168,1230,술국,18000,False,True
06-168,1231,부추보쌈 (중),26000,False,True
06-168,1232,순대전골 (중),26000,False,True
06-168,1233,보쌈순대모듬 (중),30000,False,True
06-169,1234,홍설면,9000,False,True
06-169,1235,백설면,9000,False,True
06-169,1236,황설면,9000,False,True
06-169,1237,홍설렁탕,9000,False,True
06-169,1238,백설렁탕,9000,False,True
06-169,1239,황설렁탕,9000,False,True
06-169,1240,황설만둣국,9000,False,True
06-169,1241,홍설만둣국,9000,False,True
06-169,1242,백설만둣국,9000,False,True
06-169,1243,백설한우사골순댓국,9000,False,True
06-169,1244,홍설한우사골순댓국,9000,False,True
06-170,1245,바지락칼국수,9000,False,True
06-170,1246,닭칼국수,9000,False,True
06-170,1247,닭곰탕,9000,False,True
06-170,1248,왕만두,5000,False,True
06-170,1249,해물칼국수,7000,False,True
06-170,1250,얼큰해물칼국수,8000,False,True
06-170,1251,굴찜,39000,False,True
06-170,1252,굴회,20000,False,True
06-170,1253,굴파전,15000,False,True
06-170,1254,해물파전,15000,False,True
06-170,1255,홍어무침,15000,False,True
06-170,1256,왕갈비칼국수,13000,False,True
06-170,1257,왕갈비탕,13000,False,True
06-170,1258,쭈꾸미볶음,13000,False,True
06-170,1259,초계국수,9000,False,True
06-170,1260,초계비빔국수,9000,False,True
06-170,1261,냉콩국수,9000,False,True
06-170,1262,왕새우소금구이(600g),30000,False,True
06-170,1263,왕새우소금구이(1kg),45000,False,True
06-171,1264,손칼국수,5000,False,True
06-171,1265,잔치국수,5000,False,True
06-171,1266,비빔국수,6000,False,True
06-171,1267,손만두국,7000,False,True
06-171,1268,손만두(5개),5000,False,True
06-173,1269,돼지갈비,16000,False,True
06-173,1270,숙성삼겹살,16000,False,True
06-173,1271,숙성목살,16000,False,True
06-173,1272,갈매기살,18000,False,True
06-173,1273,꽃갈비살,27000,False,True
06-173,1274,차돌박이,27000,False,True
06-173,1275,김치찌개,8000,False,True
06-173,1276,된장찌개,7000,False,True
06-173,1277,엄마국수,7000,False,True
06-173,1278,고추다데기밥,7000,False,True
06-173,1279,냉면(물/비빔),6000,False,True
06-174,1280,제주 돼지 2인(600g),60000,False,True
06-174,1281,제주 돼지 3인(800g),80000,False,True
06-174,1282,제주 흑돼지 2인(600g),78000,False,True
06-174,1283,제주 흑돼지 3인(800g),104000,False,True
06-174,1284,흑돼지 김치찌개,8000,False,True
06-174,1285,된장찌개 / 술밥,7000,False,True
06-175,1286,두둑세트,40000,False,True
06-175,1287,제주몬트락 생오겹살(180g),17000,False,True
06-175,1288,제주몬트락 생목살(180g),17000,False,True
06-175,1289,돼지모듬한판,43000,False,True
06-175,1290,명품한돈 생 삼겹살(180g),15000,False,True
06-175,1291,명품한돈 생 목살(180g),15000,False,True
06-176,1292,보양삼계탕,17000,False,True
06-176,1293,보양반계탕,12000,False,True
06-176,1294,숙지황 한방삼계탕,19000,False,True
06-176,1295,숙지황 한방반계탕,13000,False,True
06-176,1296,얼큰삼계탕,18000,False,True
06-176,1297,얼큰반계탕,13000,False,True
06-180,1298,돈마호크 (400g),38000,False,True
06-180,1299,삼겹살 (150g),17000,False,True
06-180,1300,돈대갈비 (600g),48000,False,True
06-180,1301,목살 (150g),17000,False,True
06-180,1302,꼬들살 (150g),17000,False,True
06-180,1303,뼈 없는 생갈비 (150g),17000,False,True
06-180,1304,항정살 (150g),17000,False,True
06-180,1305,김치찌개 (점심메뉴),10000,False,True
06-180,1306,김치 두루치기 (점심메뉴),11500,False,True
06-181,1307,생삼겹살 (150g),16000,False,True
06-181,1308,목살 (150g),16000,False,True
06-181,1309,고추장삼겹살 (200g),15000,False,True
06-181,1310,껍데기 (150g),11000,False,True
06-181,1311,갈매기살 (150g),16000,False,True
06-181,1312,LA갈비 (200g),20000,False,True
06-182,1313,시골고추장찌개(소),25000,False,True
06-182,1314,산야초돼지갈비(250g),17000,False,True
06-182,1315,한돈 생삼겹살(200g),16500,False,True
06-182,1316,한돈 생목살(200g),16500,False,True
06-182,1317,시골고추장찌개(중),35000,False,True
06-183,1318,오징어회,22000,False,True
06-183,1319,오징어무침,25000,False,True
06-183,1320,오징어튀김 (소),8000,False,True
06-183,1321,새우튀김,15000,False,True
06-183,1322,가리비회,20000,False,True
06-183,1323,해산물모듬물회,40000,False,True
06-184,1324,멸치 칼국수,7000,False,True
06-184,1325,비빔 칼국수,8000,False,True
06-184,1326,열무 냉국수,9000,False,True
06-184,1327,차돌 장 칼국수,10000,False,True
06-184,1328,강된장 열무 비빔밥,8000,False,True
06-185,1329,오투닭갈비,14000,False,True
06-185,1330,치즈듬뿍닭갈비,18000,False,True
06-185,1331,낙지닭갈비,18000,False,True
06-185,1332,부대찌개,10000,False,True
06-185,1333,동치미메밀막국수,8000,False,True
06-186,1334,오징어볶음,15000,False,True
06-186,1335,낙지볶음,23000,False,True
06-186,1336,꼼장어 (1인분),12000,False,True
06-186,1337,생선구이,15000,False,True
06-186,1338,새우구이,12000,False,True
06-187,1339,비빔국수,7000,False,True
06-187,1340,비빔국수돈까스,9000,False,True
06-187,1341,국수+돈까스,8000,False,True
06-187,1342,라면돈까스,8000,False,True
06-187,1343,국수+김밥,8000,False,True
06-187,1344,라면+김밥,8000,False,True
06-187,1345,라면,5000,False,True
06-187,1346,해장라면,6000,False,True
06-187,1347,떡라면,6000,False,True
06-187,1348,만두라면,6000,False,True
06-187,1349,치즈라면,5500,False,True
06-187,1350,등심돈까스,8000,False,True
06-187,1351,제육덮밥,8000,False,True
06-187,1352,오징어덮밥,8000,False,True
06-187,1353,김치볶음밥,8000,False,True
06-187,1354,베이컨볶음밥,8000,False,True
06-187,1355,해물순두부,8000,False,True
06-187,1356,김치찌개,8000,False,True
06-187,1357,사골떡만두,8000,False,True
06-187,1358,닭백숙,9000,False,True
06-189,1359,보쌈정식,13000,False,True
06-189,1360,족발 (특대) 4인,55000,False,True
06-189,1361,족발 (대) 3인,45000,False,True
06-189,1362,족발 (중) 2인,35000,False,True
06-189,1363,족발 (소) 1인,25000,False,True
06-189,1364,보쌈 (특대) 4인,55000,False,True
06-190,1365,소불고기전골,22000,False,True
06-190,1366,한우 육회비빔밥과 된장찌개,15000,False,True
06-190,1367,우뜰소갈비정식,39000,False,True
06-190,1368,투뿔한우정식,52000,False,True
06-190,1369,소갈비찜(소),49000,False,True
06-190,1370,소갈비찜(중),65000,False,True
06-192,1371,육개장,10000,False,True
06-192,1372,육개장칼국수,10000,False,True
06-192,1373,설렁탕,10000,False,True
06-192,1374,만두설렁탕,11000,False,True
06-192,1375,소갈비육개장,17000,False,True
06-193,1376,살코기국밥,9500,False,True
06-193,1377,돼지국밥,8500,False,True
06-193,1378,근돼국밥,12000,False,True
06-193,1379,머릿고기볶음,12800,False,True
06-193,1380,편육 한판,8000,False,True
06-195,1381,모듬회 (소),39000,False,True
06-195,1382,도미 (소),55000,False,True
06-195,1383,연어 (소),45000,False,True
06-195,1384,우럭 (소),49000,False,True
06-195,1385,광어 (소),49000,False,True
06-195,1386,연어+도미,60000,False,True
06-195,1387,연어+우럭,55000,False,True
06-195,1388,연어+광어,55000,False,True
06-195,1389,전복회,0,False,True
06-195,1390,산낙지,0,False,True
06-195,1391,새우튀김,19000,False,True
06-195,1392,오징어튀김,19000,False,True
06-195,1393,반반튀김,22000,False,True
06-195,1394,조개탕,23000,False,True
06-195,1395,알탕,22000,False,True
06-195,1396,버터술찜,21000,False,True
06-195,1397,골뱅이소면,23000,False,True
06-195,1398,오돌뼈,22000,False,True
06-195,1399,제육두부김치,21000,False,True
06-195,1400,스팸구이,18000,False,True
06-195,1401,가리비치즈구이,28000,False,True
06-196,1402,종로보쌈(소),29000,False,True
06-196,1403,김치찜(소),22000,False,True
06-196,1404,평일점심김치찜정식(2인이상),12000,False,True
06-196,1405,평일점심부추전,12000,False,True
06-196,1406,낙지볶음(소),28000,False,True
06-196,1407,명란구이,22000,False,True
06-196,1408,부추전,15000,False,True
06-196,1409,백골뱅이무침,25000,False,True
06-196,1410,미니흑임자고기튀김,8000,False,True
06-196,1411,흑임자고기튀김,20000,False,True
06-196,1412,메밀전병튀김,15000,False,True
06-196,1413,맛보기 보쌈,12000,False,True
06-196,1414,술국,15000,False,True
06-196,1415,새우백합술찜,25000,False,True
06-196,1416,2인한상,48000,False,True
06-196,1417,3인한상,69000,False,True
06-196,1418,4인한상,102000,False,True
06-196,1419,퇴근한상,42000,False,True
06-196,1420,귀빈한상(3인~5인),109000,False,True
06-196,1421,심각한상(5인~7인),143000,False,True
06-197,1422,김치찌개,9000,False,True
06-197,1423,참치김치찌개,9000,False,True
06-197,1424,숯불고기,10000,False,True
06-197,1425,직화제육,10000,False,True
06-197,1426,치즈계란말이,8000,False,True
06-197,1427,생삼겹살(150g),15000,False,True
06-197,1428,생목살(150g),15000,False,True
06-197,1429,생항정살(150g),16000,False,True
06-197,1430,"냉면(물,비빔)",5000,False,True
06-197,1431,볶음밥,3000,False,True
06-198,1432,논산칼국수,11000,False,True
06-198,1433,비빔칼국수,11000,False,True
06-198,1434,냉칼국수,11000,False,True
06-198,1435,왕만두,10000,False,True
06-198,1436,갈비살,23000,False,True
06-198,1437,토시살,23000,False,True
06-198,1438,된장찌게,5000,False,True
06-199,1439,마제소바,8900,False,True
06-199,1440,메밀 냉소바,8900,False,True
06-199,1441,카이우동,10900,False,True
06-199,1442,마제소바+카츠볼,11900,False,True
06-199,1443,메밀 냉소바+카츠볼,11900,False,True
06-199,1444,카이우동+카츠볼,13900,False,True
06-199,1445,늑간살(100g),12000,False,True
06-199,1446,삼각살(100g),13000,False,True
06-199,1447,치마살(100g),16000,False,True
06-199,1448,안창살(100g),18000,False,True
06-199,1449,한우 우설(100g),18000,False,True
06-199,1450,치즈 뭉티기 육회(100g),18000,False,True
06-199,1451,살치살(100g),24000,False,True
06-199,1452,도모다찌세트(2인),79000,False,True
06-199,1453,나카마세트(3인),104000,False,True
06-199,1454,카조쿠세트(4인),144000,False,True
06-199,1455,왕새우구이,6000,False,True
06-199,1456,마구이,6000,False,True
06-199,1457,야채과일구이,8000,False,True
06-199,1458,모듬튀김(닭껍질+명란+꽈리),12000,False,True
06-202,1459,통영굴버섯죽,10000,False,True
06-202,1460,해물죽,11500,False,True
06-202,1461,참치야채죽,10500,False,True
06-202,1462,야채죽,9500,False,True
06-202,1463,쇠고기미역죽,11000,False,True
06-202,1464,불낙죽,12500,False,True
06-203,1465,콩나물국밥,7000,False,True
06-203,1466,왕만두(5개),6000,False,True
06-203,1467,불오징어볶음,22000,False,True
06-203,1468,수제오뎅탕,17000,False,True
06-203,1469,한우육전,25000,False,True
06-204,1470,정식(5가지 산나물),12000,False,True
06-204,1471,특정식 (8가지 산나물+동태전+매실짱아찌),18000,False,True
06-204,1472,미나리해물탕 (식사용),14000,False,True
06-205,1473,낙지덮밥 (1인분),13000,False,True
06-205,1474,낙갈탕 (1인분),16000,False,True
06-205,1475,산낙지덮밥 (1인분),20000,False,True
06-205,1476,산낙지전골 (1인분),22000,False,True
06-205,1477,연포탕 (1인분),22000,False,True
06-207,1478,꼬막비빔밥(2~3인용),35000,False,True
06-207,1479,꼬막무침,33000,False,True
06-207,1480,꼬막전,15000,False,True
06-207,1481,꼬빔면,20000,False,True
06-207,1482,꼬막이슬만두,6000,False,True
06-208,1483,한우소고기국밥,11000,False,True
06-208,1484,버섯 생 불고기 (1인분),15000,False,True
06-208,1485,소고기영양전골 (소),32000,False,True
06-208,1486,한우명품미역국,10000,False,True
06-208,1487,소고기수육 (350g),32000,False,True
06-208,1488,모듬전 (소),10000,False,True
06-209,1489,만석치킨 (뼈),19000,False,True
06-209,1490,치킨가라아게 (순살),19000,False,True
06-209,1491,버팔로윙봉 (3pcs),16500,False,True
06-209,1492,돈까스안주,19000,False,True
06-209,1493,왕새우튀김 (6pcs),16500,False,True
06-209,1494,모둠감자튀김,12000,False,True
06-209,1495,로제떡볶이,19500,False,True
06-209,1496,훈제삼겹&소시지,19000,False,True
06-209,1497,로제국물닭발,21500,False,True
06-209,1498,통오징어숙회,16500,False,True
06-209,1499,새우로제파스타,21000,False,True
06-209,1500,해물떡볶이,17000,False,True
06-209,1501,국물닭발 뼈/무뼈,19000,False,True
06-209,1502,고기품은 국물닭발,23000,False,True
06-209,1503,듬뿍골뱅이무침,18500,False,True
06-209,1504,반건조한치구이,17000,False,True
06-209,1505,노가리구이,12000,False,True
06-209,1506,스팸&달걀후라이,11000,False,True
06-209,1507,직접찢은먹태,17000,False,True
06-209,1508,마른오징어&땅콩,17000,False,True
06-209,1509,쥐포구이,13000,False,True
06-210,1510,칼집삼겹살,14000,False,True
06-210,1511,얇은삼겹살,14000,False,True
06-210,1512,목살,14000,False,True
06-210,1513,덜미살,14000,False,True
06-210,1514,항정살,18000,False,True
06-211,1515,숙성삼겹(170g),16000,False,True
06-211,1516,꽃목살(170g),15000,False,True
06-211,1517,황제덧살(170g),19000,False,True
06-211,1518,LA한입갈비(250g),25000,False,True
06-211,1519,와규등심(150g),25000,False,True
06-213,1520,스시정식,13500,False,True
06-213,1521,이든스시,11500,False,True
06-213,1522,활어3종,39000,False,True
06-213,1523,활어3종 + 참다랑어뱃살,49000,False,True
06-213,1524,고급어종 계절활어 참다랑어뱃살,59000,False,True
06-215,1525,명태조림 (소),35000,False,True
06-215,1526,감자탕 (소),30000,False,True
06-215,1527,감자탕 (중),40000,False,True
06-215,1528,감자탕 (대),50000,False,True
06-215,1529,등뼈조림 (소),32000,False,True
06-215,1530,등뼈조림 (중),42000,False,True
06-215,1531,등뼈조림 (대),52000,False,True
06-215,1532,뼈해장국,10000,False,True
06-215,1533,명태조림 (중),45000,False,True
06-215,1534,명태조림 (대),55000,False,True
06-215,1535,순두부,9000,False,True
06-215,1536,순대국,10000,False,True
06-215,1537,공기밥,1000,False,True
06-215,1538,볶음밥,2000,False,True
06-215,1539,라면사리,2000,False,True
06-215,1540,감자수제비,3000,False,True
06-215,1541,야채추가,3000,False,True
06-215,1542,소주,5000,False,True
06-215,1543,맥주,5000,False,True
06-215,1544,막걸리,5000,False,True
06-216,1545,부대찌개,10000,False,True
06-216,1546,킬바사부대찌개,13000,False,True
06-216,1547,특1인분,12000,False,True
06-217,1548,오징어불고기,13000,False,True
06-217,1549,오삼불고기,13000,False,True
06-217,1550,오낙불고기,14000,False,True
06-217,1551,오징어순대,20000,False,True
06-217,1552,오징어숙회,20000,False,True
06-218,1553,삼겹 김치구이(대),39000,False,True
06-218,1554,매운 김치갈비찜(중),26000,False,True
06-218,1555,진짜 김치찌개(1인분),8000,False,True
06-218,1556,중독 김치짜박이(1인분),8500,False,True
06-218,1557,매운 김치갈비찜(대),47000,False,True
06-220,1558,소곱창 (200g),22000,False,True
06-220,1559,소대창 (200g),21000,False,True
06-220,1560,소막창 (200g),23000,False,True
06-220,1561,곱창모듬 (220g),23000,False,True
06-223,1562,한우버섯불고기전골,18000,False,True
06-223,1563,제육쌈밥정식,12000,False,True
06-223,1564,골프채갈비탕,17000,False,True
06-223,1565,한우된장찌개,10000,False,True
06-223,1566,암퇘지김치찌개,10000,False,True
06-223,1567,육회비빔밥,13000,False,True
06-223,1568,함흥냉면,9000,False,True
06-223,1569,수제돼지왕갈비(300g),11900,False,True
06-223,1570,뭉티기,34000,False,True
06-223,1571,반판뭉티기,34000,False,True
06-223,1572,육회,20000,False,True
06-223,1573,맛보기육회,20000,False,True
06-224,1574,소고기 모듬 수육 전골 (소),38000,False,True
06-224,1575,한우육회 1++ (소),31000,False,True
06-224,1576,한우육전 1++,29000,False,True
06-225,1577,돼지곰탕(보통),10000,False,True
06-225,1578,돼지곰탕(특),14000,False,True
06-225,1579,잔술,3000,False,True
06-226,1580,A급 활대게 선물상자(1kg),0,False,True
06-226,1581,A급 활킹크랩 선물상자(1kg),0,False,True
06-226,1582,A급 활랍스터 선물상자(1kg),0,False,True
06-226,1583,가리비찜(1kg),25000,False,True
06-227,1584,칼국수,10000,False,True
06-228,1585,양육개장(점심메뉴),10000,False,True
06-228,1586,양설렁탕,10000,False,True
06-228,1587,양카레,10000,False,True
06-228,1588,해물짬뽕라면,7000,False,True
06-228,1589,프리미엄 프렌치렉,27000,False,True
06-228,1590,생양갈비,27000,False,True
06-228,1591,양등심,25000,False,True
06-228,1592,갈비살,23000,False,True
06-228,1593,양육개장,19000,False,True
06-228,1594,오뎅탕,19000,False,True
06-228,1595,간장새우버터밥,7000,False,True
06-228,1596,누룽지,10000,False,True
06-229,1597,대가정식(2인이상),17000,False,True
06-229,1598,돼지수육국밥,10000,False,True
06-229,1599,수육곰탕,11000,False,True
06-229,1600,얼큰수육국밥,11000,False,True
06-229,1601,순대국밥,10000,False,True
06-229,1602,얼큰순대국밥,11000,False,True
06-230,1603,모둠보쌈,36000,False,True
06-231,1604,마늘 닭도리탕 (소),27000,False,True
06-231,1605,닭발편육,25000,False,True
06-232,1606,얼큰 진국 양곰탕,12000,False,True
06-232,1607,영천 암소육회비빔밥,12000,False,True
06-232,1608,한우 소고기 무우국,12000,False,True
06-232,1609,전통 소고기 청국장,10000,False,True
06-232,1610,고깃집 차돌 된장찌개,10000,False,True
06-232,1611,버섯 뚝배기 불고기,10000,False,True
06-234,1612,평양냉면,14000,False,True
06-234,1613,만두전골,49000,False,True
06-234,1614,접시만두,13000,False,True
06-234,1615,아롱사태수육,39000,False,True
06-234,1616,"순면(물, 비빔)",16000,False,True
06-234,1617,만두국,14000,False,True
06-235,1618,런치 장어 오마카세,38000,False,True
06-235,1619,디너 장어 오마카세,58000,False,True
06-235,1620,민물장어구이 500g,43000,False,True
06-237,1621,추어탕,10000,False,True
06-237,1622,얼큰추어탕,10000,False,True
06-237,1623,뼈해장국,10000,False,True
06-237,1624,순댓국,9000,False,True
06-237,1625,모듬수육(중),20000,False,True
06-237,1626,오징어덮밥,9000,False,True
06-238,1627,국밥류,8000,False,True
06-238,1628,밀면,7000,False,True
06-240,1629,보쌈정식,10000,False,True
06-240,1630,명품국수,10000,False,True
06-240,1631,명품비빔국수,10000,False,True
06-240,1632,웰빙콩국수,10000,False,True
06-240,1633,생고기김치찌개,10000,False,True
06-240,1634,닭도리탕덮밥,12000,False,True
06-240,1635,미역국밥,10000,False,True
06-240,1636,소고기국밥,12000,False,True
06-240,1637,매콤수육덮밥,12000,False,True
06-241,1638,야채곱창,22000,False,True
06-241,1639,순대곱창,22000,False,True
06-241,1640,순대볶음,22000,False,True
06-242,1641,고기듬뿍 김치찌개,9000,False,True
06-242,1642,꽁치김치찌개,9000,False,True
06-242,1643,햄듬뿍 김치찌개,9000,False,True
06-242,1644,묵은지 오겹살 150g,14000,False,True
06-242,1645,계란말이,7000,False,True
06-243,1646,특 양고기 생살칫살,30000,False,True
06-243,1647,양고기 꽃갈비살,29000,False,True
06-243,1648,양고기 생등심,29000,False,True
06-243,1649,고급 생양갈비,31000,False,True
06-243,1650,오뎅탕,25000,False,True
06-244,1651,(대표) 규정공 스페셜,97500,False,True
06-244,1652,대갈비(100g),32000,False,True
06-244,1653,안창살(100g),45000,False,True
06-244,1654,새우살(100g),45000,False,True
06-244,1655,샤토브리앙(100g),43000,False,True
06-245,1656,방이옥돈판(2~3인),66000,False,True
06-245,1657,방이옥한판(2~3인),89000,False,True
06-245,1658,우대갈비한판(3~4인),129000,False,True
06-245,1659,매운방망이소갈비찜,48000,False,True
06-245,1660,한우육회,28000,False,True
06-245,1661,수제소갈비살떡갈비,18000,False,True
06-245,1662,육전,18000,False,True
06-245,1663,벌집양념껍데기,8000,False,True
06-247,1664,황등 순대국,9500,False,True
06-247,1665,특 황등 순대국,11000,False,True
06-247,1666,얼큰 해장 순대국,11000,False,True
06-247,1667,육회비빔밥,13000,False,True
06-250,1668,코다리 물냉면과 삼겹수육반상,13900,False,True
06-250,1669,코다리 비빔냉면과 삼겹수육반상,14900,False,True
06-250,1670,버섯영양 솥밥과 되비지찌개 반상,13900,False,True
06-250,1671,스테이크 솥밥 반상,15900,False,True
06-250,1672,전복 내장 솥밥 반상,16900,False,True
06-250,1673,석갈비 화로반상,13900,False,True
06-250,1674,더덕제육불고기화로반상,13900,False,True
06-250,1675,바싹불고기화로반상,14900,False,True
06-250,1676,주꾸미볶음화로반상,15900,False,True
06-250,1677,차돌 된장찌개와 삼겹수육 반상,13900,False,True
06-251,1678,한상 1인닭볶음탕,12000,False,True
06-251,1679,한상 돼지고기김치찜찌개,9500,False,True
06-251,1680,한상 차돌된장찌개,10000,False,True
06-251,1681,한상 매콤제육덮밥,10000,False,True
06-251,1682,한상 소불고기덮밥,11000,False,True
06-251,1683,대깨닭볶음탕(한마리),25000,False,True
06-253,1684,코다리냉면세트,10500,False,True
06-253,1685,코다리냉면,9000,False,True
06-253,1686,장터국밥,9000,False,True
06-253,1687,사골황태 떡만두국,8000,False,True
06-254,1688,3종전,22000,False,True
06-254,1689,월선네 장터국밥,10000,False,True
06-254,1690,전통 육개장,10000,False,True
06-254,1691,해물 순두부,10000,False,True
06-254,1692,옛날 청국장,9000,False,True
06-254,1693,삼합,45000,False,True
06-254,1694,한방보쌈,35000,False,True
06-254,1695,불쭈꾸미볶음,28000,False,True
06-254,1696,닭볶음탕 (반마리),18000,False,True
06-254,1697,오징어제육볶음,25000,False,True
06-254,1698,황태구이 (1마리),15000,False,True
06-254,1699,두부김치,21000,False,True
06-254,1700,명란계란찜,18000,False,True
06-254,1701,통골뱅이소면,28000,False,True
06-254,1702,도토리묵야채무침,18000,False,True
06-254,1703,전두부 명란알쌈,23000,False,True
06-254,1704,돌미나리오징어무침,21000,False,True
06-254,1705,홍어무침,20000,False,True
06-254,1706,전두부샐러드,18000,False,True
06-254,1707,먹태,23000,False,True
06-254,1708,모듬전,29000,False,True
06-255,1709,홍천원조 닭갈비,13000,False,True
06-255,1710,치즈닭갈비,15000,False,True
06-256,1711,설렁탕,9000,False,True
06-256,1712,떡국설렁탕,11000,False,True
06-256,1713,고기 듬뿍 설렁탕,13000,False,True
06-256,1714,도가니탕,20000,False,True
06-256,1715,수육(소),35000,False,True
06-259,1716,부대찌개전골(1인),10000,False,True
06-260,1717,"여수새꼬막비빔밥,고등어구이",22000,False,True
06-260,1718,"여수새꼬막비빔밥,두루치기",22000,False,True
06-260,1719,"제주계절솥밥,고등어구이",24000,False,True
06-260,1720,"제주계절솥밥,두루치기",24000,False,True
06-260,1721,제주두루치기반상,19000,False,True
06-260,1722,"전복,고등어조림반상",22000,False,True
06-260,1723,"전복,제주갈치조림반상",29000,False,True
06-260,1724,"성게미역국,고등어구이",24000,False,True
06-260,1725,"성게미역국,제주갈치구이",30000,False,True
06-260,1726,"제주해물뚝배기,고등어구이",24000,False,True
06-260,1727,"제주해물뚝배기,제주갈치구이",30000,False,True
06-260,1728,"전복솥밥,고등어구이",29000,False,True
06-260,1729,"전복솥밥,두루치기",29000,False,True
06-260,1730,"전복솥밥,제주갈치구이",35000,False,True
06-260,1731,"전복,고등어구이와 제주두루치기 한상 (2인)",58000,False,True
06-260,1732,제주갈치구이와 고등어조림 한상 (2인),58000,False,True
06-260,1733,"전복솥밥,고등어조림 한상 (2인)",58000,False,True
06-260,1734,제주계절솥밥과 제주갈치조림 한상 (2인),58000,False,True
06-262,1735,일점가 뼈해장국,11000,False,True
06-264,1736,한우탕,12000,False,True
06-264,1737,특 한우탕,14000,False,True
06-264,1738,한우 육개장,13000,False,True
06-264,1739,특 한우 육개장,15000,False,True
06-264,1740,한우 육전,23000,False,True
06-264,1741,한우 육회(150g),25000,False,True
06-264,1742,한우 숯불갈비 (300g),55000,False,True
06-264,1743,떡국,12000,False,True
06-264,1744,콩국수,12000,False,True
06-264,1745,냉한우탕,12000,False,True
06-264,1746,한우수육,42000,False,True
06-265,1747,당일삶은 구구족,23900,False,True
06-267,1748,수육,35000,False,True
06-267,1749,수육전골,35000,False,True
06-267,1750,술국,20000,False,True
06-267,1751,순대국,10000,False,True
06-267,1752,감자탕(중),35000,False,True
06-267,1753,뼈해장국,10000,False,True
06-269,1754,전기구이 한방통닭,19000,False,True
06-269,1755,서울황태,18000,False,True
06-269,1756,촉촉 오징어 달큰 문어다리,19000,False,True
06-269,1757,먹태,17000,False,True
06-269,1758,뚱뚱보 노가리,17000,False,True
06-269,1759,촉촉오징어,15000,False,True
06-269,1760,달큰문어다리,15000,False,True
06-269,1761,뚱쥐포,14000,False,True
06-269,1762,골뱅이비빔면,23000,False,True
06-269,1763,스팸후라이,17000,False,True
06-269,1764,닭똥집볶음,15000,False,True
06-269,1765,치즈계란짜파게티(2인),10000,False,True
06-269,1766,문어라면(2인),10000,False,True
06-269,1767,모둠조개탕,20000,False,True
06-269,1768,빨간국물떡볶이,18000,False,True
06-269,1769,땡초오뎅탕,18000,False,True
06-269,1770,김치어묵우동,18000,False,True
06-269,1771,버팔로윙,18000,False,True
06-269,1772,통살오다리튀김,15000,False,True
06-269,1773,모둠감자튀김,14000,False,True
06-269,1774,닭똥집튀김,14000,False,True
06-270,1775,수제비,6500,False,True
06-270,1776,칼국수,6900,False,True
06-270,1777,왕만두수제비,7500,False,True
06-270,1778,수육수제비,7500,False,True
06-270,1779,꼬막비빔밥,7900,False,True
06-271,1780,뚝배기 불고기,13000,False,True
06-271,1781,직화 낙지볶음덮밥,16000,False,True
06-271,1782,돌판 석쇠 돼지양념구이,22000,False,True
06-271,1783,직화 돌판 낙지볶음,32000,False,True
06-271,1784,한우 스끼야끼(1인),33000,False,True
06-271,1785,한우 버섯 생불고기(1인),31000,False,True
06-272,1786,헤이롤김밥,5300,False,True
06-272,1787,스팸마요김밥,6500,False,True
06-272,1788,와사비크랩김밥,6500,False,True
06-272,1789,묵은지참치김바,7500,False,True
06-272,1790,소불고기김밥,7900,False,True
06-272,1791,헤이롤키토김밥,6500,False,True
06-272,1792,당근치즈키토김밥,6900,False,True
06-272,1793,두부키토김밥,6900,False,True
06-272,1794,닭가슴살키토김밥,7500,False,True
06-272,1795,묵은지참치키토김밥,7900,False,True
06-272,1796,소불고기키토김밥,8500,False,True
06-272,1797,닭가슴살샌드위치,7500,False,True
06-272,1798,리코타치즈샌드위치,7500,False,True
06-272,1799,단호박샌드위치,7500,False,True
06-272,1800,와사비크랩샌드위치,7500,False,True
06-272,1801,에그포테이토샌드위치,7500,False,True
06-272,1802,소불고기샌드위치,8500,False,True
06-272,1803,밀떡볶이,7000,False,True
06-272,1804,곤약면볶이,7000,False,True
06-272,1805,아메리카노,3500,False,True
06-272,1806,카페라떼,4500,False,True
06-273,1807,갈비탕,18000,False,True
06-273,1808,육개장,12000,False,True
06-273,1809,된장찌개,10000,False,True
06-273,1810,콩나물국밥,9000,False,True
06-273,1811,한우사골떡국,13000,False,True
06-274,1812,광어 (대),58000,False,True
06-274,1813,광어 (중),48000,False,True
06-274,1814,광어 (소),38000,False,True
06-274,1815,우럭 (대),58000,False,True
06-274,1816,우럭 (중),48000,False,True
06-274,1817,우럭 (소),38000,False,True
06-274,1818,광어&우럭 (대),60000,False,True
06-274,1819,광어&우럭 (중),50000,False,True
06-274,1820,세꼬시,45000,False,True
06-274,1821,도미,75000,False,True
06-274,1822,농어,75000,False,True
06-274,1823,산낙지,30000,False,True
06-274,1824,문어숙회,35000,False,True
06-274,1825,멍게,20000,False,True
06-274,1826,시사모구이,12000,False,True
06-274,1827,생우럭탕,28000,False,True
06-274,1828,서더리탕,7000,False,True
06-274,1829,아구찜,48000,False,True
06-274,1830,석화,12000,False,True
06-275,1831,치킨플레이트,7900,False,True
06-275,1832,포크플레이트,8900,False,True
06-275,1833,비프플레이트,11900,False,True
06-275,1834,치킨샐러드파스타,8900,False,True
06-275,1835,포크샐러드파스타,9900,False,True
06-275,1836,비프샐러드파스타,12900,False,True
06-275,1837,치킨로제샐러드파스타,9900,False,True
06-275,1838,포크로제샐러드파스타,10900,False,True
06-275,1839,비프로제샐러드파스타,13900,False,True
06-275,1840,치킨데리야끼덮밥,8900,False,True
06-275,1841,포크명이나물덮밥,9900,False,True
06-275,1842,비프와사비덮밥,12900,False,True
06-275,1843,더블치킨데리야끼덮밥,9900,False,True
06-275,1844,더블포크명이나물덮밥,11900,False,True
06-275,1845,더블비프와사비덮밥,18900,False,True
06-275,1846,치킨커리덮밥,9900,False,True
06-275,1847,포크커리덮밥,10900,False,True
06-275,1848,비프커리덮밥,13900,False,True
06-276,1849,마늘족발,39000,False,True
06-276,1850,족발 (소),33000,False,True
06-276,1851,직화불족발,36000,False,True
06-276,1852,무교동 낙지볶음,29000,False,True
06-276,1853,낙지족발,41000,False,True
06-278,1854,한우뭉티기 (중),50000,False,True
06-278,1855,한우육회,40000,False,True
06-278,1856,한우육전,38000,False,True
06-278,1857,뒷덜미살 문어 보쌈,48000,False,True
06-278,1858,뒷덜미살 보쌈,38000,False,True
06-279,1859,돼지국밥,9000,False,True
06-279,1860,순대국밥,9000,False,True
06-279,1861,얼큰국밥,9000,False,True
06-279,1862,섞어국밥,9000,False,True
06-279,1863,수육백반,10000,False,True
06-280,1864,소 set 무한기본,21800,False,True
06-280,1865,도 set 소고기 양념쌈,24800,False,True
06-280,1866,둑 set 차돌 무제한,21800,False,True
06-280,1867,차돌라면,4000,False,True
06-280,1868,물냉면,5000,False,True
06-281,1869,냉동삼겹살(150g),10000,False,True
06-281,1870,한돈생고기(150g),9000,False,True
06-281,1871,김치찌개,9000,False,True
06-281,1872,제육or돼지불백쌈밥정식,10000,False,True
06-281,1873,육회비빔밥,10000,False,True
06-281,1874,김치말이국수or비빔국수,9000,False,True
06-283,1875,대게,0,False,True
06-283,1876,킹크랩,0,False,True
06-283,1877,랍스타,0,False,True
06-284,1878,생소갈비 한판 (600g),69000,False,True
06-284,1879,생소갈비 반판 (400g),59000,False,True
06-284,1880,소갈비 주물럭 (600g),59000,False,True
06-284,1881,소갈비 주물럭 (150g),19000,False,True
06-284,1882,한우숯불차돌 (150g),26000,False,True
06-284,1883,LA 갈비 (250g),23000,False,True
06-284,1884,거대막창 (200g),18000,False,True
06-284,1885,한우육회 (150g),15000,False,True
06-284,1886,백골라면,8000,False,True
06-284,1887,숯불갈비 함박스텍 (계란/치즈),9000,False,True
06-284,1888,된장술밥,5000,False,True
06-284,1889,뚝배기 알밥,6000,False,True
06-284,1890,계란찜,4000,False,True
06-284,1891,칡냉면 (물/비빔/불),5000,False,True
06-284,1892,묵사발,5000,False,True
06-284,1893,양문해장국 (추가 주문 시),3000,False,True
06-284,1894,마늘쫑새우 (추가 주문 시),3000,False,True
06-284,1895,군고구마,4000,False,True
06-286,1896,갑오징어불고기,22000,False,True
06-286,1897,오낙전골,38000,False,True
06-286,1898,오징어숙회,18000,False,True
06-288,1899,7일 꽃삼겹살(170g),18000,False,True
06-288,1900,10일 꽃목살(170g),18000,False,True
06-288,1901,7일 흑오겹(170g),20000,False,True
06-288,1902,갈매기살(170g),18000,False,True
06-288,1903,등꽃살(170g),20000,False,True
06-288,1904,흑돼지양념갈비(250g),19000,False,True
06-289,1905,꼬들목살(160g),13000,False,True
06-289,1906,생삼겹살(160g),14000,False,True
06-289,1907,제주 흑돼지 오겹살(160g),19000,False,True
06-289,1908,소갈비살(160g),17000,False,True
06-289,1909,된장찌개,7000,False,True
06-292,1910,백합칼국수,10000,False,True
06-292,1911,비빔칼국수,10000,False,True
06-292,1912,보리비빔밥,10000,False,True
06-292,1913,애호박백합칼국수,11000,False,True
06-292,1914,백합칼국수+미니보리밥,13000,False,True
06-292,1915,보리밥보쌈정식,17000,False,True
06-292,1916,한강로겉절이(포장메뉴),10000,False,True
06-292,1917,한강로보쌈(포장메뉴),28000,False,True
06-292,1918,칼국수보쌈정식,17000,False,True
06-293,1919,보통순댓국,10000,False,True
06-293,1920,얼큰순댓국,10000,False,True
06-293,1921,627부대찌개,10000,False,True
06-294,1922,돼지김치찌개,10000,False,True
06-294,1923,꽁치김치찌개,10000,False,True
06-294,1924,육전,20000,False,True
06-294,1925,들기름 순두부 구이,8000,False,True
06-294,1926,계란말이,9000,False,True
06-294,1927,소세지베이컨구이,20000,False,True
06-294,1928,고등어 구이,20000,False,True
06-295,1929,숙성모둠회 무한리필,29000,False,True
06-295,1930,어부의잔치 (진) (1인),100000,False,True
06-295,1931,어부의잔치 (선) (1인),70000,False,True
06-295,1932,어부의잔치 (미) (1인),50000,False,True
06-295,1933,제철숙성 모듬회 (대),110000,False,True
06-295,1934,제철숙성 모듬회 (중),80000,False,True
06-295,1935,광어 (대),70000,False,True
06-295,1936,광어 (중),49000,False,True
06-295,1937,광어 (소),35000,False,True
06-295,1938,우럭 (대),70000,False,True
06-295,1939,우럭 (중),49000,False,True
06-295,1940,우럭 (소),35000,False,True
06-295,1941,세꼬시 (대),70000,False,True
06-295,1942,해물모둠,50000,False,True
06-295,1943,활전복,50000,False,True
06-295,1944,멍게,20000,False,True
06-295,1945,해삼,30000,False,True
06-295,1946,산낙지,20000,False,True
06-295,1947,활우럭매운탕,30000,False,True
06-295,1948,특모둠튀김,30000,False,True
06-296,1949,골뱅이모밀,10000,False,True
06-296,1950,온모밀,7000,False,True
06-296,1951,비빔모밀,8000,False,True
06-296,1952,나주곰탕,10000,False,True
06-296,1953,돈까스,9000,False,True
06-298,1954,한우스폐셜,135000,False,True
06-298,1955,됐소모듬,98000,False,True
06-298,1956,한돈스폐셜,65000,False,True
06-298,1957,꽃등심,37000,False,True
06-298,1958,투뿔등심,43000,False,True
06-298,1959,안심,40000,False,True
06-298,1960,치마살,43000,False,True
06-298,1961,육회,27000,False,True
06-298,1962,삼겹살,16000,False,True
06-298,1963,오겹살,17000,False,True
06-298,1964,목살,16000,False,True
06-298,1965,항정살,21000,False,True
06-298,1966,갈비탕,14000,False,True
06-298,1967,육회비빔밥,12000,False,True
06-298,1968,한우된장찌개,9000,False,True
06-298,1969,목삼겹 김치찌개,9000,False,True
06-298,1970,갈비살,41000,False,True
06-298,1971,차돌박이,27000,False,True
06-298,1972,한우꽃등심정식,28000,False,True
06-298,1973,오겹살정식(2인이상),17000,False,True
06-301,1974,크린베리닭가슴살 샌드위치,7500,False,True
06-301,1975,텐더샌드위치,7500,False,True
06-301,1976,치즈불고기 샌드위치,8000,False,True
06-301,1977,훈제연어 샌드위치,8500,False,True
06-301,1978,아메리카노,2500,False,True
06-301,1979,카페라떼,4000,False,True
06-302,1980,도토리묵무침,15000,False,True
06-302,1981,찜닭,35000,False,True
06-302,1982,낙지볶음,22000,False,True
06-302,1983,간재미회무침,20000,False,True
06-302,1984,돼지주물럭,20000,False,True
06-302,1985,오징어볶음,20000,False,True
06-303,1986,참다랑어(소),42000,False,True
06-303,1987,참다랑어(중),64000,False,True
06-303,1988,참다랑어(대),86000,False,True
06-303,1989,참다랑어(스페셜),100000,False,True
06-303,1990,모듬참치(소),30000,False,True
06-304,1991,생삼겹살 (150g),16000,False,True
06-304,1992,목살 (150g),16000,False,True
06-304,1993,고추장삼겹살 (200g),15000,False,True
06-304,1994,껍데기 (150g),11000,False,True
06-304,1995,갈매기살 (150g),16000,False,True
06-304,1996,LA갈비 (200g),20000,False,True
06-305,1997,모듬구이,85000,False,True
06-305,1998,쏘세지전골,12000,False,True
06-305,1999,소세지구이,12000,False,True
06-305,2000,베이컨구이,13000,False,True
06-305,2001,살라미구이,12000,False,True
06-305,2002,블로니구이,8000,False,True
06-305,2003,"등심스테이크 (호주,미국산180g)",22000,False,True
06-307,2004,순두부찌개 수제비,9000,False,True
06-307,2005,순두부찌개 라제비,10000,False,True
06-307,2006,육개장 수제비,10000,False,True
06-307,2007,김치수제비,8000,False,True
06-307,2008,청양고추 김치 라제비,9000,False,True
06-307,2009,내장탕 수제비,10000,False,True
06-307,2010,부대찌개 수제비,12000,False,True
06-307,2011,감자 수제비,9000,False,True
06-307,2012,만두국 수제비,9000,False,True
06-307,2013,맑은 황태 해장국 수제비,9000,False,True
06-307,2014,누룽지 닭백숙 수제비,13000,False,True
06-307,2015,옛날 경양식 레트로 돈까스,10000,False,True
06-307,2016,물냉면,10000,False,True
06-307,2017,비빔냉면,10000,False,True
06-307,2018,물 밀면,10000,False,True
06-307,2019,비빔밀면,10000,False,True
06-307,2020,순두부찌개 우제비(우동+수제비),10000,False,True
06-307,2021,만두국 우제비(우동+수제비),10000,False,True
06-307,2022,부대찌개 우제비(우동+수제비),12000,False,True
06-307,2023,육개장 우제비(우동+수제비),11000,False,True
06-309,2024,돼지갈비,16000,False,True
06-309,2025,숙성삼겹살,16000,False,True
06-309,2026,숙성목살,16000,False,True
06-309,2027,갈매기살,18000,False,True
06-309,2028,꽃갈비살,27000,False,True
06-309,2029,차돌박이,27000,False,True
06-309,2030,김치찌개,8000,False,True
06-309,2031,된장찌개,7000,False,True
06-309,2032,엄마국수,7000,False,True
06-309,2033,고추다데기밥,7000,False,True
06-309,2034,냉면(물/비빔),6000,False,True
06-310,2035,부대찌개 (1인),7000,False,True
06-310,2036,명태콩나물찜 (소),17000,False,True
06-310,2037,오겹살 (1인분),12000,False,True
06-310,2038,모듬스테이크 (중),25000,False,True
06-310,2039,베이컨김치철판구이 (중),20000,False,True
06-312,2040,청국장찌개&계란후라이,8000,False,True
06-312,2041,스팸 김치찌개,7000,False,True
06-312,2042,생선구이,8000,False,True
06-312,2043,간장새우 (6마리),8000,False,True
06-312,2044,고추장 삼겹살 (180g),7000,False,True
06-312,2045,생선구이 (단품),6000,False,True
06-314,2046,시장순대국,10000,False,True
06-314,2047,순대국,9000,False,True
06-314,2048,얼큰이순대국,10000,False,True
06-314,2049,소내장탕,10000,False,True
06-314,2050,소머리국밥,10000,False,True
06-314,2051,뼈해장국,9000,False,True
06-314,2052,토종순대모듬,22000,False,True
06-314,2053,수육,24000,False,True
06-314,2054,오징어순대,16000,False,True
06-314,2055,오징어+아바이,23000,False,True
06-314,2056,아바이순대,10000,False,True
06-314,2057,찰순대,9000,False,True
06-314,2058,편육머리고기,15000,False,True
06-314,2059,족발(소),38000,False,True
06-314,2060,철판볶음(소),37000,False,True
06-314,2061,감자탕(소),35000,False,True
06-314,2062,순대전골(소),32000,False,True
06-314,2063,술국(소),15000,False,True
06-315,2064,제육쌈밥,7000,False,True
06-315,2065,부대전골,7000,False,True
06-315,2066,김치두루치기,8000,False,True
06-315,2067,고추장불고기,7000,False,True
06-315,2068,왕갈비탕,10000,False,True
06-315,2069,뚝배기불고기,7000,False,True
06-315,2070,육개장,7000,False,True
06-315,2071,김치찌개,7000,False,True
06-315,2072,육회비빔밥,7000,False,True
06-315,2073,차돌된장찌개,6000,False,True
06-315,2074,꽃게된장찌개,6000,False,True
06-315,2075,육쌈정식,8000,False,True
06-315,2076,육쌈 물냉면,8000,False,True
06-315,2077,육쌈 비빔냉면,8000,False,True
06-315,2078,불고기전골,12000,False,True
06-315,2079,김치전골,10000,False,True
06-317,2080,황태국,11000,False,True
06-317,2081,황태미역국,12000,False,True
06-317,2082,황태구이정식,16000,False,True
06-317,2083,더덕구이정식,17000,False,True
06-317,2084,더덕삼겹제육정식,18000,False,True
06-317,2085,감자전,13000,False,True
06-317,2086,황태구이추가,11000,False,True
06-317,2087,더덕구이추가,12000,False,True
06-317,2088,더덕삼겹제육추가,13000,False,True
06-317,2089,황태구이+더덕구이+황태국,37000,False,True
06-317,2090,황태구이+더덕구이+더덕삼겹제육+황태국,53000,False,True
06-319,2091,전주비빔밥소반,11000,False,True
06-319,2092,전주돌솥비빔밥소반,12000,False,True
06-319,2093,소불고기돌솥비빔밥소반,13000,False,True
06-320,2094,마라가지솥밥,14000,False,True
06-320,2095,차돌박이마늘솥밥,15000,False,True
06-320,2096,스테이크솥밥,16900,False,True
06-320,2097,전복버섯솥밥,18000,False,True
06-320,2098,장어솥밥,22000,False,True
06-320,2099,통고추튀김&트로플마요,6500,False,True
06-323,2100,닭갈비 (250g),13000,False,True
06-323,2101,치즈닭갈비 (250g),16000,False,True
06-325,2102,스테이크 솥밥 + 맑은 야채 전골 (한우 차돌박이),35000,False,True
06-325,2103,스테이크 솥밥 + 맑은 야채 전골 (우삼겹),30000,False,True
06-325,2104,스테이크 솥밥 + 맛간장 전골 (한우 차돌박이),35000,False,True
06-325,2105,스테이크 솥밥 + 맛간장 전골 (우삼겹),30000,False,True
06-325,2106,스테이크 솥밥 + 매콤 토마토 전골 (한우 차돌박이),35000,False,True
06-325,2107,스테이크 솥밥 + 매콤 토마토 전골 (우삼겹),30000,False,True
06-326,2108,뼈없는찜닭 (대),42000,False,True
06-326,2109,뼈없는찜닭 (중),32000,False,True
06-326,2110,해물찜닭 (대),47000,False,True
06-326,2111,해물찜닭 (중),35000,False,True
06-326,2112,찜닭 (중),28000,False,True
06-326,2113,찜닭 (소) +공기밥1 (런치메뉴),19000,False,True
06-329,2114,육류,30000,False,True
06-330,2115,LA갈비정식,25000,False,True
06-330,2116,고등어구이 정식,17000,False,True
06-330,2117,연어구이 정식,18000,False,True
06-330,2118,돌솥양밥,13000,False,True
06-330,2119,도가니탕,18000,False,True
06-333,2120,바베큐 플레이트,24900,False,True
06-333,2121,크림 트러플 뇨끼,19000,False,True
06-333,2122,에그인헬,21000,False,True
06-333,2123,파스타,15000,False,True
06-333,2124,구운 브리치즈,17900,False,True
06-333,2125,외 다수,17900,False,True
06-334,2126,제육,9500,False,True
06-334,2127,오삼,10000,False,True
06-334,2128,낙삼,11000,False,True
06-334,2129,해물순두부,8500,False,True
06-334,2130,청국장순두부,8500,False,True
06-334,2131,햄치즈순두부,8500,False,True
06-334,2132,생삼겹살(180g),15000,False,True
06-334,2133,닭볶음탕(소),28000,False,True
06-334,2134,되김치전골(소),28000,False,True
06-334,2135,두부김치,19000,False,True
06-334,2136,후라이드치킨,19000,False,True
06-334,2137,골뱅이무침,19000,False,True
06-334,2138,먹태,17000,False,True
06-334,2139,오징어튀김,19000,False,True
06-334,2140,조개황태술국,18000,False,True
06-334,2141,오뎅탕,17000,False,True
06-334,2142,치즈계란말이,16000,False,True
06-334,2143,스팸후라이드,15000,False,True
06-334,2144,해물파전,18000,False,True
06-334,2145,해물김치전,17000,False,True
06-338,2146,세트메뉴 1,51000,False,True
06-338,2147,세트메뉴 2,46000,False,True
06-338,2148,소막창(180g),21000,False,True
06-338,2149,돼지막창(180g),16000,False,True
06-338,2150,주먹고기(180g),16000,False,True
06-338,2151,뒷고기(180g),16000,False,True
06-338,2152,껍데기,10000,False,True
06-340,2153,쭈삼새(중),30000,False,True
06-340,2154,쭈대새(중),34000,False,True
06-340,2155,고추장삼겹덮밥,9000,False,True
06-340,2156,쭈꾸미덮밥,9000,False,True
06-340,2157,쭈꾸미숙회,25000,False,True
06-341,2158,멸치칼국수,7000,False,True
06-341,2159,얼큰해물칼국수,8000,False,True
06-341,2160,비빔국수,7000,False,True
06-341,2161,고기만두(6개),5000,False,True
06-341,2162,김치만두(6개),5000,False,True
06-342,2163,한우곱창전골,0,False,True
06-342,2164,양밥,14000,False,True
06-342,2165,차돌볶음과 된장찌개,14000,False,True
06-342,2166,특양구이,42000,False,True
06-342,2167,대창구이,42000,False,True
06-342,2168,한우모듬스페셜,50000,False,True
06-342,2169,갈빗살,32000,False,True
06-344,2170,오징어불갈비찜 (2인),28000,False,True
06-344,2171,오징어불갈비찜 (3인),42000,False,True
06-344,2172,오징어불갈비찜 (4인),56000,False,True
06-344,2173,초벌 돼지갈비 (200g),15000,False,True
06-344,2174,생 삼겹살 (200g),15000,False,True
06-344,2175,고추장수육(200g),15000,False,True
06-344,2176,한우생불고기 (150g),17000,False,True
06-344,2177,육회 (소),14000,False,True
06-344,2178,오징어 불갈비찜 (2인) (식사),22000,False,True
06-344,2179,오징어 불갈비찜 (3인) (식사),33000,False,True
06-344,2180,오징어 불갈비찜 (4인) (식사),44000,False,True
06-344,2181,통오징어동태탕,11000,False,True
06-344,2182,동태탕,9000,False,True
06-344,2183,삼겹묵은지김치찜,9000,False,True
06-345,2184,회비빔냉면,14000,False,True
06-347,2185,물냉면,6900,False,True
06-347,2186,비빔냉면,6900,False,True
06-347,2187,돈까스,8000,False,True
06-347,2188,불돈까스,8500,False,True
06-347,2189,왕만두,4500,False,True
06-348,2190,온복잔치국수,9000,False,True
06-348,2191,온복비빔국수,9000,False,True
06-348,2192,김지말이국수,9500,False,True
06-348,2193,쫄면,9500,False,True
06-348,2194,초계냉국수,10500,False,True
06-348,2195,명란김치알밥,10000,False,True
06-348,2196,숯불제육비빔밥,10000,False,True
06-348,2197,숯불구이비빔밥,11000,False,True
06-348,2198,숯불구이순두부찌개,15000,False,True
06-348,2199,숯불구이된장찌개정식,15000,False,True
06-348,2200,숯불제육순두부찌개정식,14000,False,True
06-348,2201,숯불제육된장찌개정식,14000,False,True
06-348,2202,고기왕교자만두(6p),8000,False,True
06-348,2203,김치왕교자만두(6p),8000,False,True
06-349,2204,접시만두,9000,False,True
06-353,2205,얼큰곱창국밥 세트 (점심특선),11900,False,True
06-353,2206,나시고랭 세트 (점심특선),10900,False,True
06-353,2207,스테이크 덮밥 세트 (점심특선),11900,False,True
06-353,2208,곱창쌀국수 세트 (점심특선),11900,False,True
06-354,2209,닭도리탕,30000,False,True
06-354,2210,동태찌개,20000,False,True
06-354,2211,두부김치,15000,False,True
06-354,2212,계란말이,10000,False,True
06-354,2213,부추전,5000,False,True
06-355,2214,수린올린 김치볶음밥 정식,9900,False,True
06-355,2215,간장소스 삼겹살 덮밥 정식,11900,False,True
06-355,2216,갈비소스 스테이크 덮밥 정식,14900,False,True
06-355,2217,소금구이 항정살 덮밥 정식,11900,False,True
06-355,2218,직화 닭갈비 덮밥 정식,10900,False,True
06-357,2219,몸국,10000,False,True
06-357,2220,고사리육개장,10000,False,True
06-357,2221,제주 고기국수,9500,False,True
06-357,2222,감태주먹밥,4000,False,True
06-357,2223,제주 비빔국수,9500,False,True
06-357,2224,돔베고기,40000,False,True
06-357,2225,막창순대,27000,False,True
06-357,2226,고등어 구이,17000,False,True
06-357,2227,몸국(술국),19000,False,True
06-359,2228,제육덮밥,8500,False,True
06-359,2229,오징어덮밥,8500,False,True
06-359,2230,참치덮밥,8500,False,True
06-359,2231,소불고기덮밥,9500,False,True
06-359,2232,오므라이스,8500,False,True
06-359,2233,생고기김치찌개,8000,False,True
06-364,2234,메밀막국수,9500,False,True
06-364,2235,새알팥죽,11000,False,True
06-364,2236,쌀팥죽,11000,False,True
06-364,2237,팥칼국수,11000,False,True
06-364,2238,바지락칼국수,10000,False,True
06-364,2239,해물칼국수,11000,False,True
06-364,2240,얼큰수제비,11000,False,True
06-364,2241,하얀수제비,10000,False,True
06-364,2242,들깨수제비,12000,False,True
06-364,2243,들깨칼국수,12000,False,True
06-364,2244,새알들깨죽,12000,False,True
06-364,2245,메밀왕만두,7000,False,True
06-364,2246,낙지찜(중),59000,False,True
06-364,2247,아구찜(중),59000,False,True
06-364,2248,해물찜(중),59000,False,True
06-365,2249,한우생샤브샤브(140g),52000,False,True
06-365,2250,한우샤브샤브(140g),46000,False,True
06-365,2251,소고기(140g),35000,False,True
06-365,2252,곱창전골,30000,False,True
06-365,2253,한우불고기전골(120g),39000,False,True
06-365,2254,불고기전골(120g),27000,False,True
06-366,2255,별빛뚝닭(뚝배기 국물 닭갈비),9000,False,True
06-366,2256,별빛뚝치(뚝배기 닭갈비 김치찌개),9000,False,True
06-366,2257,별빛뚝밥(뚝배기 닭갈비 덮밥),9000,False,True
06-366,2258,전골(소),22000,False,True
06-366,2259,하얀꾸닭/빨간꾸닭,9000,False,True
06-367,2260,전복장밥,13000,False,True
06-367,2261,새우된장밥,12000,False,True
06-367,2262,문어장밥,12500,False,True
06-367,2263,전복죽,13000,False,True
06-367,2264,고추새우면,12000,False,True
06-369,2265,생삼겹살(180g),15000,False,True
06-369,2266,특목살(180g),15000,False,True
06-369,2267,생갈비(240g),15000,False,True
06-369,2268,막창(200g),14000,False,True
06-369,2269,항정살(150g),16000,False,True
06-370,2270,돼지곰탕 (보통),10000,False,True
06-370,2271,돼지곰탕(특),14000,False,True
06-370,2272,유자수육,6000,False,True
06-370,2273,오늘의잔술,3000,False,True
06-375,2274,가정식백반,8000,False,True
06-377,2275,육회,20000,False,True
06-377,2276,참소라무침,20000,False,True
06-377,2277,명란두부탕,20000,False,True
06-377,2278,약선보리굴비구이,24000,False,True
06-384,2279,일만족발(대),26900,False,True
06-384,2280,치즈불족발(대),29900,False,True
06-384,2281,마늘족발(대),28900,False,True
06-384,2282,일만보쌈(대),25900,False,True
06-384,2283,마늘보쌈(대),28900,False,True
06-389,2284,족발(소),32000,False,True
06-389,2285,쟁반국수,10000,False,True
06-394,2286,족발 (중),28000,False,True
06-394,2287,매운족발,33000,False,True
06-394,2288,반반족발 (중),30000,False,True
06-394,2289,쟁반막국수,9000,False,True
06-394,2290,얼큰수제비,6000,False,True
06-397,2291,닭다리살 크림카레동,10000,False,True
06-397,2292,우삼겹 크림카레동,11000,False,True
06-397,2293,스테이크 크림카레동,12000,False,True
06-397,2294,오사카 해물우동,10000,False,True
06-397,2295,나가사키 해물우동,10000,False,True
06-398,2296,홍천원조 닭갈비,13000,False,True
06-398,2297,치즈닭갈비,15000,False,True
06-399,2298,소고기국밥,9000,False,True
06-399,2299,소양국밥,12000,False,True
06-399,2300,설렁탕,11000,False,True
06-399,2301,갈비탕,18000,False,True
06-399,2302,수육국밥,9900,False,True
06-399,2303,순대국밥,9900,False,True
06-401,2304,곱창전골(1인),10000,False,True
06-401,2305,대창(150g),10900,False,True
06-401,2306,막창(150g),10900,False,True
06-401,2307,닭갈비(180g),8900,False,True
06-401,2308,특양 볶음밥,8900,False,True
06-404,2309,한우차돌박이(120g),20000,False,True
06-404,2310,고추장 불고기 덮밥,8000,False,True
06-404,2311,소불고기 비빔밥,10000,False,True
06-404,2312,우삼겹 숙주볶음,12000,False,True
06-404,2313,생삼겹살(150g),15000,False,True
06-416,2314,꽃등심1+(150g),19500,False,True
06-416,2315,주물럭(150g),18500,False,True
06-416,2316,차돌박이(150g),15000,False,True
06-416,2317,갈비탕,7000,False,True
06-416,2318,황태탕,5000,False,True
06-416,2319,김치찌개,5000,False,True
06-416,2320,된장찌개,5000,False,True
06-416,2321,쭈·돌 비빔밥,5000,False,True
06-416,2322,갑오징어정식,9000,False,True
06-416,2323,쭈꾸미 정식,8000,False,True
06-425,2324,수육국밥,8000,False,True
06-425,2325,순대국밥,8000,False,True
06-425,2326,직화물냉면,9000,False,True
06-425,2327,명태회냉면,10000,False,True
06-425,2328,수육보쌈,28000,False,True
06-425,2329,얼큰국밥,9000,False,True
06-437,2330,숯불고기김밥,4500,False,True
06-437,2331,숯불제육김밥,4500,False,True
06-437,2332,참치마요김밥,4200,False,True
06-437,2333,늘솜김밥,3300,False,True
06-442,2334,제육도시락,12000,False,True
06-448,2335,양념 갈비살 (600g+600g),76000,False,True
06-448,2336,생 갈비살 (500g+500g),76000,False,True
06-448,2337,양념 등심(600g+600g),76000,False,True
06-448,2338,생 토시 (500g+500g),76000,False,True
06-448,2339,소배추된장국,8000,False,True
06-448,2340,소내장탕,10000,False,True
06-448,2341,콩비지탕,10000,False,True
06-448,2342,물냉면,9000,False,True
06-448,2343,비빔냉면,9000,False,True
06-449,2344,생오리구이,48000,False,True
06-449,2345,오리야채주물럭,50000,False,True
06-449,2346,훈제오리,48000,False,True
06-456,2347,한그릇제육덮밥,6000,False,True
06-456,2348,킬바사부대찌개,6500,False,True
06-456,2349,여수새꼬막비빔밥,6500,False,True
06-456,2350,스파이시치킨커리,7000,False,True
06-456,2351,고기만두국,6000,False,True
06-456,2352,고추장닭갈비덮밥,7000,False,True
06-456,2353,한그릇오징어덮밥,6500,False,True
06-456,2354,소고기버섯나베,6500,False,True
06-456,2355,제육덮밥과 꼬막무침,8000,False,True
06-456,2356,꼬막비빔밥과 미소된장 고등어구이,9000,False,True
06-456,2357,킬바사부대찌개와 제육덮밥,8500,False,True
06-456,2358,꼬막비빔밥과 킬바사부대찌개,9000,False,True
06-457,2359,도시락,6000,False,True
06-459,2360,도다리 (2~3인),50000,False,True
06-459,2361,민어 (대),70000,False,True
06-459,2362,민어 (중),50000,False,True
06-459,2363,전어회,20000,False,True
06-459,2364,전어구이,25000,False,True
06-459,2365,전어무침,25000,False,True
06-459,2366,대방어 (특대),89000,False,True
06-459,2367,대방어 (대),69000,False,True
06-459,2368,대방어 (중),50000,False,True
06-459,2369,대도미 (중),50000,False,True
06-459,2370,해물모듬 (2~3인),39000,False,True
06-459,2371,오징어 물회 (1인),12000,False,True
06-459,2372,왕새우 소금구이 (1kg),50000,False,True
06-459,2373,왕새우 소금구이 (500g),28000,False,True
06-459,2374,광어 (대),40000,False,True
06-459,2375,광어 (중),30000,False,True
06-459,2376,우럭 (대),45000,False,True
06-459,2377,우럭 (중),35000,False,True
06-459,2378,대농어 (중),50000,False,True
06-459,2379,감성돔,50000,False,True
06-470,2380,고등어 필렛 구이,15000,False,True
06-470,2381,자반 고등어 구이,18000,False,True
06-470,2382,삼치구이,17000,False,True
06-470,2383,갈치구이,19000,False,True
06-483,2384,1인,10000,False,True
06-484,2385,가정식백반,8000,False,True
06-485,2386,1인,6000,False,True
06-486,2387,양념본갈비,47000,False,True
06-486,2388,생본갈비,48000,False,True
06-486,2389,양념꽃게무침(중/대),18000,False,True
06-486,2390,한우등심불고기,29000,False,True
06-486,2391,함흥냉면(비빔/물),12000,False,True
06-486,2392,갈비탕(최상급 본 갈비탕),13000,False,True
06-486,2393,양념본갈비 점심한상,50000,False,True
06-486,2394,생본갈비 점심한상,51000,False,True
06-486,2395,생한돈양념구이 점심한상,27900,False,True
06-486,2396,된장찌개 정식,10000,False,True
06-486,2397,본갈비된장찌개 정식,13000,False,True
06-486,2398,양념갈비살,33000,False,True
06-486,2399,꽃등심(한우),75000,False,True
06-486,2400,생등심(한우),70000,False,True
06-486,2401,생한돈(양념돼지),24900,False,True
06-486,2402,한우육회,35000,False,True
06-487,2403,장어 (1인분),35000,False,True
06-487,2404,장어탕,12000,False,True
06-487,2405,식사탕,13000,False,True
06-488,2406,한우갈비탕,25000,False,True
06-488,2407,힐코스,80000,False,True
06-488,2408,점심특선,28000,False,True
06-488,2409,명품갈비탕,17000,False,True
06-488,2410,한우등심반상,35000,False,True
06-488,2411,한우등심,53000,False,True
06-488,2412,샤또브리앙,63000,False,True
06-488,2413,일품양념갈비,45000,False,True
06-488,2414,한우꽃등심,63000,False,True
06-488,2415,새우살,65000,False,True
06-489,2416,새우튀김(12마리),30000,False,True
06-489,2417,칠리새우(12마리),33000,False,True
06-489,2418,낙지볶음,35000,False,True
06-489,2419,갈비찜(8대),48000,False,True
06-492,2420,한우 생등심한판 (500g),53000,False,True
06-492,2421,한우 갈비살한판 (500g),75000,False,True
06-492,2422,한우 꽃등심 스테이크 (150g),54000,False,True
06-492,2423,한돈 돼지갈비 (200g),19000,False,True
06-492,2424,한돈 오겹살 (160g),19000,False,True
06-492,2425,한우버섯불고기,18000,False,True
06-492,2426,한우옛날생불고기,18000,False,True
06-492,2427,갈비탕,9000,False,True
06-492,2428,갈비탕(특),12000,False,True
06-492,2429,청계산불고기,9000,False,True
06-492,2430,김치찌개,7000,False,True
06-492,2431,한우된장찌개,7000,False,True
06-492,2432,갈비된장찌개,8000,False,True
06-492,2433,돌솥비빔밥(계절메뉴),9000,False,True
06-492,2434,육회비빔밥(계절메뉴),9000,False,True
06-492,2435,산채비빔밥(계절메뉴),8000,False,True
06-492,2436,물냉면,7000,False,True
06-492,2437,비빔냉면,7000,False,True
06-492,2438,최상급 한우 꽃등심 (150g),45000,False,True
06-492,2439,최상급 한우 생등심 (150g),38000,False,True
06-492,2440,한우 모듬 한판 (450g),72000,False,True
06-493,2441,생등심(450g),52000,False,True
06-493,2442,갈비살(450g),75000,False,True
06-493,2443,모듬(450g),70000,False,True
06-493,2444,차돌박이(225g),20000,False,True
06-493,2445,육회(200g),20000,False,True
06-493,2446,왕갈비탕,15000,False,True
06-493,2447,내장탕,9000,False,True
06-493,2448,육개장,9000,False,True
06-493,2449,차돌된장,7000,False,True
06-493,2450,냉면,6000,False,True
06-494,2451,생대구탕,38000,False,True
06-494,2452,생태탕,25000,False,True
06-494,2453,동태탕,11000,False,True
06-494,2454,알탕,12000,False,True
06-494,2455,간장게장,38000,False,True
06-494,2456,특양구이(150g),42000,False,True
06-494,2457,안창살(150g),58000,False,True
06-495,2458,전복한방갈비탕 한상차림,60000,False,True
06-496,2459,설렁탕,13000,False,True
06-496,2460,설렁탕 (특),20000,False,True
06-496,2461,내장탕,15000,False,True
06-496,2462,내장탕 (특),20000,False,True
06-496,2463,족탕,27000,False,True
06-496,2464,도가니탕,27000,False,True
06-496,2465,수육 (소),60000,False,True
06-496,2466,수육 (대),65000,False,True
06-496,2467,족수육 (소),65000,False,True
06-496,2468,족수육 (대),75000,False,True
06-496,2469,족반수반,70000,False,True
06-496,2470,모듬수육,80000,False,True
06-497,2471,불쭈꾸미,11900,False,True
06-497,2472,불쭈차들,13900,False,True
06-497,2473,블쭈꾸미(중),39000,False,True
06-497,2474,차돌삼합,54000,False,True
06-497,2475,쭈만이(중),52000,False,True
06-497,2476,쭈만이차돌삼합,67000,False,True
06-498,2477,돈모리 한판,48000,False,True
06-498,2478,우모리 한판,58000,False,True
06-498,2479,고사리 생삼겹살,15000,False,True
06-498,2480,고사리 생목살,15000,False,True
06-498,2481,고사리 생가브리살,15000,False,True
06-498,2482,늑간살,15000,False,True
06-498,2483,낙엽살,15000,False,True
06-498,2484,꽃차돌,15000,False,True
06-498,2485,꽃삼겹살(180g),15000,False,True
